timestamp,well_id,cycle_num,steam_volume_bbl,injection_pressure_psi,steam_quality_frac,soak_duration_days,reservoir_temperature_C,is_synthetic
2026-07-28,BGW-001,7,1046.4,225.1,0.841,11.1,64.3,True
2026-07-29,BGW-001,7,961.3,225.1,0.841,12.8,57.9,True
2026-07-30,BGW-001,7,969.8,225.1,0.841,10.3,50.9,True
2026-07-31,BGW-001,7,988.4,225.1,0.841,12.2,63.7,True
2026-08-01,BGW-001,7,926.3,225.1,0.841,11.6,55.4,True
2026-08-02,BGW-001,7,869.8,225.1,0.841,14.0,51.7,True
2026-08-03,BGW-001,7,1057.1,225.1,0.841,13.2,53.2,True
2026-08-04,BGW-001,8,1050.3,225.1,0.841,10.3,52.0,True
2026-08-05,BGW-001,8,932.6,225.1,0.841,11.5,60.5,True
2026-08-06,BGW-001,8,961.9,225.1,0.841,12.1,61.7,True
2026-08-07,BGW-001,8,1004.3,225.1,0.841,11.7,52.8,True
2026-08-08,BGW-001,8,1008.9,225.1,0.841,10.1,56.2,True
2026-08-09,BGW-001,8,977.2,225.1,0.841,11.0,65.0,True
2026-08-10,BGW-001,8,886.5,225.1,0.841,12.9,60.7,True
2026-08-11,BGW-001,9,1050.1,225.1,0.841,12.5,54.6,True
2026-08-12,BGW-001,9,987.4,225.1,0.841,9.3,61.9,True
2026-08-13,BGW-001,9,980.7,225.1,0.841,11.9,61.8,True
2026-08-14,BGW-001,9,979.4,225.1,0.841,12.4,54.0,True
2026-08-15,BGW-001,9,1139.9,225.1,0.841,12.7,62.7,True
2026-08-16,BGW-001,9,941.1,225.1,0.841,6.6,56.0,True
2026-08-17,BGW-001,9,909.4,225.1,0.841,11.4,52.4,True
2026-08-18,BGW-001,10,1015.2,225.1,0.841,14.2,60.8,True
2026-08-19,BGW-001,10,1080.7,225.1,0.841,14.0,56.6,True
2026-08-20,BGW-001,10,990.6,225.1,0.841,12.6,64.3,True
2026-08-21,BGW-001,10,973.5,225.1,0.841,12.4,64.7,True
2026-08-22,BGW-001,10,1071.7,225.1,0.841,9.7,54.4,True
2026-08-23,BGW-001,10,1007.9,225.1,0.841,11.1,53.7,True
2026-08-24,BGW-001,10,1014.4,225.1,0.841,10.4,63.5,True
2026-08-25,BGW-001,11,970.1,225.1,0.841,14.3,55.8,True
2026-08-26,BGW-001,11,1093.6,225.1,0.841,16.4,54.8,True
2026-07-28,BGW-002,3,1146.0,217.6,0.875,13.7,68.1,True
2026-07-29,BGW-002,3,1176.2,217.6,0.875,13.8,63.2,True
2026-07-30,BGW-002,3,1144.6,217.6,0.875,10.9,57.7,True
2026-07-31,BGW-002,3,1195.1,217.6,0.875,12.4,55.7,True
2026-08-01,BGW-002,3,1202.0,217.6,0.875,12.4,56.6,True
2026-08-02,BGW-002,3,1171.1,217.6,0.875,10.5,58.2,True
2026-08-03,BGW-002,3,1175.5,217.6,0.875,12.4,65.1,True
2026-08-04,BGW-002,4,1123.6,217.6,0.875,10.0,56.2,True
2026-08-05,BGW-002,4,1190.6,217.6,0.875,9.7,63.8,True
2026-08-06,BGW-002,4,1226.1,217.6,0.875,12.4,60.6,True
2026-08-07,BGW-002,4,1136.5,217.6,0.875,12.2,58.2,True
2026-08-08,BGW-002,4,1172.4,217.6,0.875,12.9,58.6,True
2026-08-09,BGW-002,4,1157.0,217.6,0.875,14.2,66.5,True
2026-08-10,BGW-002,4,1150.9,217.6,0.875,10.6,58.7,True
2026-08-11,BGW-002,5,1080.1,217.6,0.875,15.8,55.2,True
2026-08-12,BGW-002,5,1135.4,217.6,0.875,14.8,55.2,True
2026-08-13,BGW-002,5,1152.7,217.6,0.875,9.1,64.5,True
2026-08-14,BGW-002,5,1193.3,217.6,0.875,11.2,56.5,True
2026-08-15,BGW-002,5,1165.5,217.6,0.875,9.4,56.0,True
2026-08-16,BGW-002,5,1107.1,217.6,0.875,10.1,68.4,True
2026-08-17,BGW-002,5,1155.1,217.6,0.875,9.7,55.2,True
2026-08-18,BGW-002,6,1155.5,217.6,0.875,11.1,55.7,True
2026-08-19,BGW-002,6,1299.8,217.6,0.875,11.7,56.2,True
2026-08-20,BGW-002,6,1300.5,217.6,0.875,11.3,63.3,True
2026-08-21,BGW-002,6,1118.7,217.6,0.875,13.0,61.2,True
2026-08-22,BGW-002,6,1155.6,217.6,0.875,10.5,68.8,True
2026-08-23,BGW-002,6,1115.4,217.6,0.875,7.6,66.6,True
2026-08-24,BGW-002,6,1047.1,217.6,0.875,12.8,57.8,True
2026-08-25,BGW-002,7,1124.8,217.6,0.875,11.1,66.4,True
2026-08-26,BGW-002,7,1221.1,217.6,0.875,10.3,61.2,True
2026-07-28,BGW-006,6,974.3,233.1,0.895,11.2,54.4,True
2026-07-29,BGW-006,6,990.2,233.1,0.895,11.3,66.8,True
2026-07-30,BGW-006,6,849.3,233.1,0.895,11.2,62.0,True
2026-07-31,BGW-006,6,899.5,233.1,0.895,13.7,59.4,True
2026-08-01,BGW-006,6,962.8,233.1,0.895,13.4,67.5,True
2026-08-02,BGW-006,6,911.9,233.1,0.895,12.6,60.7,True
2026-08-03,BGW-006,6,979.4,233.1,0.895,11.7,54.9,True
2026-08-04,BGW-006,7,848.7,233.1,0.895,8.6,53.6,True
2026-08-05,BGW-006,7,840.7,233.1,0.895,9.3,58.1,True
2026-08-06,BGW-006,7,945.0,233.1,0.895,12.1,67.6,True
2026-08-07,BGW-006,7,987.1,233.1,0.895,14.0,61.5,True
2026-08-08,BGW-006,7,885.5,233.1,0.895,10.4,55.2,True
2026-08-09,BGW-006,7,981.1,233.1,0.895,11.1,67.9,True
2026-08-10,BGW-006,7,895.3,233.1,0.895,9.1,67.8,True
2026-08-11,BGW-006,8,900.9,233.1,0.895,14.4,57.6,True
2026-08-12,BGW-006,8,984.8,233.1,0.895,10.2,58.4,True
2026-08-13,BGW-006,8,967.7,233.1,0.895,15.1,67.5,True
2026-08-14,BGW-006,8,956.0,233.1,0.895,11.1,61.5,True
2026-08-15,BGW-006,8,962.6,233.1,0.895,11.9,54.4,True
2026-08-16,BGW-006,8,858.9,233.1,0.895,10.4,54.9,True
2026-08-17,BGW-006,8,889.0,233.1,0.895,13.2,55.4,True
2026-08-18,BGW-006,9,927.4,233.1,0.895,10.9,53.8,True
2026-08-19,BGW-006,9,968.3,233.1,0.895,15.1,60.0,True
2026-08-20,BGW-006,9,959.2,233.1,0.895,11.4,57.6,True
2026-08-21,BGW-006,9,891.0,233.1,0.895,10.9,68.0,True
2026-08-22,BGW-006,9,916.3,233.1,0.895,16.9,56.5,True
2026-08-23,BGW-006,9,908.2,233.1,0.895,14.3,58.2,True
2026-08-24,BGW-006,9,947.9,233.1,0.895,10.4,60.1,True
2026-08-25,BGW-006,10,857.6,233.1,0.895,11.7,62.4,True
2026-08-26,BGW-006,10,952.4,233.1,0.895,9.4,68.6,True
2026-07-28,BGW-007,3,879.4,257.1,0.81,11.6,57.1,True
2026-07-29,BGW-007,3,806.0,257.1,0.81,12.7,52.1,True
2026-07-30,BGW-007,3,810.4,257.1,0.81,11.7,56.1,True
2026-07-31,BGW-007,3,804.6,257.1,0.81,13.2,62.2,True
2026-08-01,BGW-007,3,834.9,257.1,0.81,10.4,51.0,True
2026-08-02,BGW-007,3,862.8,257.1,0.81,11.4,62.2,True
2026-08-03,BGW-007,3,754.9,257.1,0.81,12.6,62.9,True
2026-08-04,BGW-007,4,799.8,257.1,0.81,10.9,64.1,True
2026-08-05,BGW-007,4,809.6,257.1,0.81,13.0,53.1,True
2026-08-06,BGW-007,4,807.2,257.1,0.81,8.7,53.3,True
2026-08-07,BGW-007,4,662.6,257.1,0.81,12.6,53.5,True
2026-08-08,BGW-007,4,857.6,257.1,0.81,12.3,63.6,True
2026-08-09,BGW-007,4,946.3,257.1,0.81,12.4,64.8,True
2026-08-10,BGW-007,4,800.0,257.1,0.81,11.6,52.5,True
2026-08-11,BGW-007,5,867.3,257.1,0.81,15.5,62.1,True
2026-08-12,BGW-007,5,893.6,257.1,0.81,14.7,50.5,True
2026-08-13,BGW-007,5,837.9,257.1,0.81,10.9,54.7,True
2026-08-14,BGW-007,5,744.4,257.1,0.81,13.6,57.0,True
2026-08-15,BGW-007,5,910.4,257.1,0.81,10.4,50.6,True
2026-08-16,BGW-007,5,830.1,257.1,0.81,12.2,61.4,True
2026-08-17,BGW-007,5,849.6,257.1,0.81,11.4,57.7,True
2026-08-18,BGW-007,6,775.3,257.1,0.81,13.0,51.2,True
2026-08-19,BGW-007,6,755.6,257.1,0.81,11.9,61.0,True
2026-08-20,BGW-007,6,720.0,257.1,0.81,11.8,53.9,True
2026-08-21,BGW-007,6,754.0,257.1,0.81,11.8,59.2,True
2026-08-22,BGW-007,6,744.5,257.1,0.81,11.3,62.3,True
2026-08-23,BGW-007,6,811.0,257.1,0.81,13.3,63.0,True
2026-08-24,BGW-007,6,763.3,257.1,0.81,11.4,64.4,True
2026-08-25,BGW-007,7,795.6,257.1,0.81,15.0,56.8,True
2026-08-26,BGW-007,7,797.8,257.1,0.81,11.2,63.4,True
2026-07-28,BGW-008,5,946.6,199.3,0.889,9.1,51.4,True
2026-07-29,BGW-008,5,944.9,199.3,0.889,9.1,48.9,True
2026-07-30,BGW-008,5,1009.3,199.3,0.889,10.9,53.1,True
2026-07-31,BGW-008,5,943.0,199.3,0.889,14.4,59.5,True
2026-08-01,BGW-008,5,981.7,199.3,0.889,10.3,58.0,True
2026-08-02,BGW-008,5,1007.7,199.3,0.889,14.1,53.3,True
2026-08-03,BGW-008,5,1049.8,199.3,0.889,9.3,49.4,True
2026-08-04,BGW-008,6,1013.2,199.3,0.889,12.5,57.8,True
2026-08-05,BGW-008,6,924.6,199.3,0.889,10.8,61.8,True
2026-08-06,BGW-008,6,865.9,199.3,0.889,8.7,54.0,True
2026-08-07,BGW-008,6,988.7,199.3,0.889,13.3,49.1,True
2026-08-08,BGW-008,6,897.3,199.3,0.889,7.0,57.8,True
2026-08-09,BGW-008,6,977.1,199.3,0.889,14.0,51.1,True
2026-08-10,BGW-008,6,1009.2,199.3,0.889,10.1,60.5,True
2026-08-11,BGW-008,7,943.0,199.3,0.889,13.1,50.4,True
2026-08-12,BGW-008,7,982.4,199.3,0.889,12.2,59.4,True
2026-08-13,BGW-008,7,951.1,199.3,0.889,13.9,59.0,True
2026-08-14,BGW-008,7,954.5,199.3,0.889,12.8,53.6,True
2026-08-15,BGW-008,7,866.8,199.3,0.889,11.9,51.7,True
2026-08-16,BGW-008,7,942.7,199.3,0.889,13.3,61.2,True
2026-08-17,BGW-008,7,1016.9,199.3,0.889,14.0,52.3,True
2026-08-18,BGW-008,8,1033.4,199.3,0.889,8.9,50.7,True
2026-08-19,BGW-008,8,954.2,199.3,0.889,13.9,58.4,True
2026-08-20,BGW-008,8,1020.7,199.3,0.889,11.8,61.3,True
2026-08-21,BGW-008,8,1027.7,199.3,0.889,12.5,54.2,True
2026-08-22,BGW-008,8,913.5,199.3,0.889,11.7,59.3,True
2026-08-23,BGW-008,8,1003.0,199.3,0.889,11.7,55.8,True
2026-08-24,BGW-008,8,1041.1,199.3,0.889,10.1,53.8,True
2026-08-25,BGW-008,9,1074.2,199.3,0.889,13.6,58.3,True
2026-08-26,BGW-008,9,924.9,199.3,0.889,13.1,49.6,True
2026-07-28,BGW-009,6,868.0,237.4,0.881,9.1,66.1,True
2026-07-29,BGW-009,6,894.6,237.4,0.881,13.7,62.5,True
2026-07-30,BGW-009,6,860.8,237.4,0.881,15.9,60.8,True
2026-07-31,BGW-009,6,950.6,237.4,0.881,14.3,66.3,True
2026-08-01,BGW-009,6,845.2,237.4,0.881,9.7,54.1,True
2026-08-02,BGW-009,6,1000.5,237.4,0.881,12.7,58.8,True
2026-08-03,BGW-009,6,914.7,237.4,0.881,12.2,62.5,True
2026-08-04,BGW-009,7,913.0,237.4,0.881,8.0,64.3,True
2026-08-05,BGW-009,7,953.6,237.4,0.881,9.8,58.2,True
2026-08-06,BGW-009,7,969.6,237.4,0.881,10.8,62.5,True
2026-08-07,BGW-009,7,931.3,237.4,0.881,14.1,67.5,True
2026-08-08,BGW-009,7,824.7,237.4,0.881,10.2,66.3,True
2026-08-09,BGW-009,7,862.9,237.4,0.881,11.0,59.2,True
2026-08-10,BGW-009,7,884.8,237.4,0.881,12.7,60.6,True
2026-08-11,BGW-009,8,903.4,237.4,0.881,12.5,59.7,True
2026-08-12,BGW-009,8,893.8,237.4,0.881,13.8,66.9,True
2026-08-13,BGW-009,8,1011.5,237.4,0.881,13.9,56.5,True
2026-08-14,BGW-009,8,1010.2,237.4,0.881,12.6,54.5,True
2026-08-15,BGW-009,8,844.2,237.4,0.881,10.2,66.8,True
2026-08-16,BGW-009,8,941.3,237.4,0.881,15.2,57.8,True
2026-08-17,BGW-009,8,960.0,237.4,0.881,9.3,59.1,True
2026-08-18,BGW-009,9,1036.3,237.4,0.881,7.6,56.9,True
2026-08-19,BGW-009,9,775.4,237.4,0.881,9.9,67.8,True
2026-08-20,BGW-009,9,989.7,237.4,0.881,11.4,66.6,True
2026-08-21,BGW-009,9,975.4,237.4,0.881,10.9,63.4,True
2026-08-22,BGW-009,9,839.2,237.4,0.881,10.7,57.6,True
2026-08-23,BGW-009,9,1000.2,237.4,0.881,14.8,64.2,True
2026-08-24,BGW-009,9,1007.9,237.4,0.881,13.4,58.8,True
2026-08-25,BGW-009,10,899.6,237.4,0.881,12.9,64.3,True
2026-08-26,BGW-009,10,827.8,237.4,0.881,12.0,61.1,True
2026-07-28,BGW-011,3,797.8,201.7,0.909,10.6,60.4,True
2026-07-29,BGW-011,3,770.8,201.7,0.909,12.8,64.6,True
2026-07-30,BGW-011,3,823.3,201.7,0.909,11.6,59.0,True
2026-07-31,BGW-011,3,791.8,201.7,0.909,7.1,58.2,True
2026-08-01,BGW-011,3,859.0,201.7,0.909,11.9,52.3,True
2026-08-02,BGW-011,3,800.4,201.7,0.909,10.7,63.3,True
2026-08-03,BGW-011,3,888.7,201.7,0.909,12.7,54.7,True
2026-08-04,BGW-011,4,806.3,201.7,0.909,11.8,57.6,True
2026-08-05,BGW-011,4,753.6,201.7,0.909,9.5,63.4,True
2026-08-06,BGW-011,4,737.9,201.7,0.909,13.2,54.7,True
2026-08-07,BGW-011,4,700.7,201.7,0.909,9.6,64.3,True
2026-08-08,BGW-011,4,798.0,201.7,0.909,11.0,59.6,True
2026-08-09,BGW-011,4,847.6,201.7,0.909,15.4,64.5,True
2026-08-10,BGW-011,4,855.8,201.7,0.909,11.9,58.2,True
2026-08-11,BGW-011,5,779.0,201.7,0.909,12.9,58.5,True
2026-08-12,BGW-011,5,722.9,201.7,0.909,11.3,64.0,True
2026-08-13,BGW-011,5,689.0,201.7,0.909,13.1,64.3,True
2026-08-14,BGW-011,5,720.1,201.7,0.909,11.3,65.7,True
2026-08-15,BGW-011,5,738.3,201.7,0.909,9.0,63.5,True
2026-08-16,BGW-011,5,766.9,201.7,0.909,11.4,55.5,True
2026-08-17,BGW-011,5,808.6,201.7,0.909,13.7,64.7,True
2026-08-18,BGW-011,6,849.4,201.7,0.909,11.0,61.1,True
2026-08-19,BGW-011,6,750.2,201.7,0.909,11.3,55.9,True
2026-08-20,BGW-011,6,828.3,201.7,0.909,12.8,63.0,True
2026-08-21,BGW-011,6,706.8,201.7,0.909,13.3,53.8,True
2026-08-22,BGW-011,6,684.7,201.7,0.909,10.4,52.2,True
2026-08-23,BGW-011,6,783.3,201.7,0.909,15.6,57.9,True
2026-08-24,BGW-011,6,818.4,201.7,0.909,13.9,55.0,True
2026-08-25,BGW-011,7,833.1,201.7,0.909,10.7,57.9,True
2026-08-26,BGW-011,7,780.3,201.7,0.909,11.1,53.6,True
2026-07-28,BGW-012,3,909.5,219.0,0.832,12.4,54.0,True
2026-07-29,BGW-012,3,1073.0,219.0,0.832,12.0,53.4,True
2026-07-30,BGW-012,3,854.5,219.0,0.832,10.6,60.7,True
2026-07-31,BGW-012,3,1040.4,219.0,0.832,11.8,64.0,True
2026-08-01,BGW-012,3,942.5,219.0,0.832,10.6,52.6,True
2026-08-02,BGW-012,3,1060.8,219.0,0.832,13.0,51.7,True
2026-08-03,BGW-012,3,934.7,219.0,0.832,12.1,60.4,True
2026-08-04,BGW-012,4,851.0,219.0,0.832,11.1,65.1,True
2026-08-05,BGW-012,4,979.6,219.0,0.832,14.7,55.8,True
2026-08-06,BGW-012,4,935.6,219.0,0.832,11.8,58.0,True
2026-08-07,BGW-012,4,981.4,219.0,0.832,10.4,52.3,True
2026-08-08,BGW-012,4,980.3,219.0,0.832,12.1,59.5,True
2026-08-09,BGW-012,4,1010.4,219.0,0.832,8.7,64.2,True
2026-08-10,BGW-012,4,935.8,219.0,0.832,14.4,56.1,True
2026-08-11,BGW-012,5,919.9,219.0,0.832,9.2,57.5,True
2026-08-12,BGW-012,5,1041.3,219.0,0.832,12.9,58.2,True
2026-08-13,BGW-012,5,1028.9,219.0,0.832,10.7,56.9,True
2026-08-14,BGW-012,5,985.1,219.0,0.832,11.8,65.0,True
2026-08-15,BGW-012,5,931.4,219.0,0.832,10.7,59.7,True
2026-08-16,BGW-012,5,991.0,219.0,0.832,15.3,62.3,True
2026-08-17,BGW-012,5,861.4,219.0,0.832,12.8,60.8,True
2026-08-18,BGW-012,6,966.4,219.0,0.832,12.9,56.5,True
2026-08-19,BGW-012,6,884.4,219.0,0.832,13.2,56.7,True
2026-08-20,BGW-012,6,885.9,219.0,0.832,14.0,65.8,True
2026-08-21,BGW-012,6,1023.3,219.0,0.832,8.9,53.8,True
2026-08-22,BGW-012,6,876.6,219.0,0.832,11.3,61.0,True
2026-08-23,BGW-012,6,1001.7,219.0,0.832,9.3,62.8,True
2026-08-24,BGW-012,6,884.4,219.0,0.832,8.3,54.3,True
2026-08-25,BGW-012,7,956.6,219.0,0.832,14.2,57.8,True
2026-08-26,BGW-012,7,911.4,219.0,0.832,14.6,63.7,True
2026-07-28,BGW-014,6,830.7,183.7,0.911,13.9,59.5,True
2026-07-29,BGW-014,6,781.9,183.7,0.911,11.6,55.2,True
2026-07-30,BGW-014,6,764.8,183.7,0.911,11.2,54.1,True
2026-07-31,BGW-014,6,755.9,183.7,0.911,9.1,59.4,True
2026-08-01,BGW-014,6,748.3,183.7,0.911,12.7,65.8,True
2026-08-02,BGW-014,6,770.2,183.7,0.911,10.6,54.2,True
2026-08-03,BGW-014,6,691.5,183.7,0.911,11.6,53.0,True
2026-08-04,BGW-014,7,724.2,183.7,0.911,13.6,67.1,True
2026-08-05,BGW-014,7,721.5,183.7,0.911,12.9,64.0,True
2026-08-06,BGW-014,7,729.3,183.7,0.911,12.5,57.7,True
2026-08-07,BGW-014,7,693.4,183.7,0.911,8.0,55.9,True
2026-08-08,BGW-014,7,808.7,183.7,0.911,10.8,65.2,True
2026-08-09,BGW-014,7,851.1,183.7,0.911,10.2,55.3,True
2026-08-10,BGW-014,7,735.0,183.7,0.911,11.6,53.4,True
2026-08-11,BGW-014,8,803.4,183.7,0.911,13.3,65.4,True
2026-08-12,BGW-014,8,725.4,183.7,0.911,15.1,63.6,True
2026-08-13,BGW-014,8,701.7,183.7,0.911,10.3,59.8,True
2026-08-14,BGW-014,8,750.6,183.7,0.911,9.6,61.9,True
2026-08-15,BGW-014,8,696.6,183.7,0.911,9.3,63.3,True
2026-08-16,BGW-014,8,839.2,183.7,0.911,10.0,57.0,True
2026-08-17,BGW-014,8,715.6,183.7,0.911,13.1,66.8,True
2026-08-18,BGW-014,9,857.3,183.7,0.911,12.4,58.5,True
2026-08-19,BGW-014,9,730.3,183.7,0.911,12.2,58.5,True
2026-08-20,BGW-014,9,901.5,183.7,0.911,13.6,53.5,True
2026-08-21,BGW-014,9,794.7,183.7,0.911,13.7,56.9,True
2026-08-22,BGW-014,9,689.9,183.7,0.911,13.6,65.8,True
2026-08-23,BGW-014,9,785.7,183.7,0.911,13.7,55.5,True
2026-08-24,BGW-014,9,700.4,183.7,0.911,12.4,54.1,True
2026-08-25,BGW-014,10,780.7,183.7,0.911,12.9,63.9,True
2026-08-26,BGW-014,10,754.3,183.7,0.911,6.8,59.1,True
2026-07-28,BGW-016,2,1165.7,225.3,0.835,8.0,68.4,True
2026-07-29,BGW-016,2,1172.2,225.3,0.835,9.7,59.8,True
2026-07-30,BGW-016,2,1026.4,225.3,0.835,9.8,64.9,True
2026-07-31,BGW-016,2,1164.8,225.3,0.835,13.3,58.0,True
2026-08-01,BGW-016,2,1132.1,225.3,0.835,12.0,67.9,True
2026-08-02,BGW-016,2,1007.4,225.3,0.835,6.5,60.5,True
2026-08-03,BGW-016,2,1118.5,225.3,0.835,11.9,68.1,True
2026-08-04,BGW-016,3,1168.3,225.3,0.835,15.3,63.8,True
2026-08-05,BGW-016,3,1184.6,225.3,0.835,15.3,56.9,True
2026-08-06,BGW-016,3,1160.2,225.3,0.835,11.5,59.2,True
2026-08-07,BGW-016,3,1092.7,225.3,0.835,12.3,68.5,True
2026-08-08,BGW-016,3,1109.8,225.3,0.835,14.9,56.2,True
2026-08-09,BGW-016,3,1158.5,225.3,0.835,8.6,68.3,True
2026-08-10,BGW-016,3,1113.0,225.3,0.835,12.3,57.5,True
2026-08-11,BGW-016,4,1145.7,225.3,0.835,6.3,62.8,True
2026-08-12,BGW-016,4,1109.9,225.3,0.835,13.4,59.2,True
2026-08-13,BGW-016,4,1151.5,225.3,0.835,17.3,59.5,True
2026-08-14,BGW-016,4,1110.0,225.3,0.835,12.5,66.3,True
2026-08-15,BGW-016,4,1089.5,225.3,0.835,8.9,57.3,True
2026-08-16,BGW-016,4,1104.3,225.3,0.835,11.0,61.0,True
2026-08-17,BGW-016,4,1150.8,225.3,0.835,14.7,57.7,True
2026-08-18,BGW-016,5,1123.0,225.3,0.835,14.7,65.9,True
2026-08-19,BGW-016,5,1156.9,225.3,0.835,9.9,59.8,True
2026-08-20,BGW-016,5,1019.3,225.3,0.835,11.9,56.1,True
2026-08-21,BGW-016,5,1108.4,225.3,0.835,13.4,61.1,True
2026-08-22,BGW-016,5,1107.9,225.3,0.835,14.4,59.6,True
2026-08-23,BGW-016,5,1111.7,225.3,0.835,9.8,55.9,True
2026-08-24,BGW-016,5,1042.2,225.3,0.835,11.4,61.1,True
2026-08-25,BGW-016,6,1122.3,225.3,0.835,10.3,63.3,True
2026-08-26,BGW-016,6,1066.2,225.3,0.835,11.2,67.7,True
2026-07-28,BGW-017,7,1137.3,221.4,0.885,11.7,57.8,True
2026-07-29,BGW-017,7,1033.5,221.4,0.885,10.3,61.6,True
2026-07-30,BGW-017,7,1124.1,221.4,0.885,11.7,63.1,True
2026-07-31,BGW-017,7,1032.4,221.4,0.885,14.6,61.1,True
2026-08-01,BGW-017,7,981.7,221.4,0.885,10.2,65.1,True
2026-08-02,BGW-017,7,1022.2,221.4,0.885,14.4,69.4,True
2026-08-03,BGW-017,7,1020.8,221.4,0.885,8.2,58.5,True
2026-08-04,BGW-017,8,1086.3,221.4,0.885,12.4,64.2,True
2026-08-05,BGW-017,8,897.3,221.4,0.885,13.3,63.4,True
2026-08-06,BGW-017,8,1045.8,221.4,0.885,10.9,68.0,True
2026-08-07,BGW-017,8,1041.2,221.4,0.885,12.1,55.4,True
2026-08-08,BGW-017,8,1076.8,221.4,0.885,12.3,55.6,True
2026-08-09,BGW-017,8,1093.6,221.4,0.885,15.3,67.5,True
2026-08-10,BGW-017,8,1089.3,221.4,0.885,7.1,62.4,True
2026-08-11,BGW-017,9,967.5,221.4,0.885,13.8,58.6,True
2026-08-12,BGW-017,9,1047.2,221.4,0.885,9.4,55.0,True
2026-08-13,BGW-017,9,918.8,221.4,0.885,12.9,64.8,True
2026-08-14,BGW-017,9,1003.5,221.4,0.885,14.1,66.6,True
2026-08-15,BGW-017,9,1021.2,221.4,0.885,8.7,61.2,True
2026-08-16,BGW-017,9,1019.5,221.4,0.885,10.8,56.4,True
2026-08-17,BGW-017,9,1055.7,221.4,0.885,13.7,62.6,True
2026-08-18,BGW-017,10,1029.0,221.4,0.885,12.7,60.5,True
2026-08-19,BGW-017,10,1006.6,221.4,0.885,12.4,63.4,True
2026-08-20,BGW-017,10,1015.0,221.4,0.885,7.7,57.2,True
2026-08-21,BGW-017,10,996.5,221.4,0.885,10.2,67.0,True
2026-08-22,BGW-017,10,1123.2,221.4,0.885,9.4,62.8,True
2026-08-23,BGW-017,10,978.7,221.4,0.885,15.9,68.0,True
2026-08-24,BGW-017,10,1051.6,221.4,0.885,11.6,62.1,True
2026-08-25,BGW-017,11,983.4,221.4,0.885,9.8,56.1,True
2026-08-26,BGW-017,11,974.6,221.4,0.885,11.4,56.3,True
2026-07-28,BGW-018,3,1227.2,191.8,0.871,10.1,56.9,True
2026-07-29,BGW-018,3,1180.5,191.8,0.871,14.1,53.7,True
2026-07-30,BGW-018,3,1156.4,191.8,0.871,16.0,58.5,True
2026-07-31,BGW-018,3,1179.1,191.8,0.871,10.1,58.9,True
2026-08-01,BGW-018,3,1216.7,191.8,0.871,13.4,56.4,True
2026-08-02,BGW-018,3,1122.9,191.8,0.871,7.6,50.6,True
2026-08-03,BGW-018,3,1099.6,191.8,0.871,10.8,50.7,True
2026-08-04,BGW-018,4,1130.0,191.8,0.871,11.7,51.8,True
2026-08-05,BGW-018,4,1161.3,191.8,0.871,10.3,56.8,True
2026-08-06,BGW-018,4,1118.4,191.8,0.871,10.0,63.0,True
2026-08-07,BGW-018,4,1095.9,191.8,0.871,11.6,50.7,True
2026-08-08,BGW-018,4,1145.6,191.8,0.871,12.4,59.2,True
2026-08-09,BGW-018,4,1191.8,191.8,0.871,12.1,59.1,True
2026-08-10,BGW-018,4,1267.5,191.8,0.871,14.1,62.3,True
2026-08-11,BGW-018,5,1097.4,191.8,0.871,9.1,60.8,True
2026-08-12,BGW-018,5,1124.9,191.8,0.871,13.1,53.0,True
2026-08-13,BGW-018,5,1176.1,191.8,0.871,11.8,55.5,True
2026-08-14,BGW-018,5,1184.4,191.8,0.871,8.7,63.9,True
2026-08-15,BGW-018,5,1233.1,191.8,0.871,13.1,50.2,True
2026-08-16,BGW-018,5,1169.1,191.8,0.871,12.5,52.1,True
2026-08-17,BGW-018,5,1266.1,191.8,0.871,13.5,57.1,True
2026-08-18,BGW-018,6,1143.1,191.8,0.871,10.8,52.9,True
2026-08-19,BGW-018,6,1125.7,191.8,0.871,14.7,60.2,True
2026-08-20,BGW-018,6,1202.8,191.8,0.871,14.5,61.3,True
2026-08-21,BGW-018,6,1218.9,191.8,0.871,10.3,55.0,True
2026-08-22,BGW-018,6,1147.1,191.8,0.871,11.3,50.1,True
2026-08-23,BGW-018,6,1130.4,191.8,0.871,11.4,56.7,True
2026-08-24,BGW-018,6,1168.6,191.8,0.871,12.8,59.9,True
2026-08-25,BGW-018,7,1161.7,191.8,0.871,10.7,63.7,True
2026-08-26,BGW-018,7,1155.6,191.8,0.871,14.8,55.7,True
2026-07-28,BGW-019,4,920.3,232.6,0.803,12.7,60.6,True
2026-07-29,BGW-019,4,869.3,232.6,0.803,11.9,59.0,True
2026-07-30,BGW-019,4,901.0,232.6,0.803,11.7,59.3,True
2026-07-31,BGW-019,4,926.4,232.6,0.803,10.8,56.8,True
2026-08-01,BGW-019,4,885.0,232.6,0.803,9.0,52.3,True
2026-08-02,BGW-019,4,887.5,232.6,0.803,11.0,55.4,True
2026-08-03,BGW-019,4,947.4,232.6,0.803,9.6,62.1,True
2026-08-04,BGW-019,5,914.2,232.6,0.803,10.3,65.4,True
2026-08-05,BGW-019,5,934.8,232.6,0.803,11.7,57.7,True
2026-08-06,BGW-019,5,822.6,232.6,0.803,11.1,63.3,True
2026-08-07,BGW-019,5,900.4,232.6,0.803,12.9,61.7,True
2026-08-08,BGW-019,5,818.9,232.6,0.803,9.4,54.9,True
2026-08-09,BGW-019,5,950.9,232.6,0.803,13.3,58.4,True
2026-08-10,BGW-019,5,762.2,232.6,0.803,11.4,51.5,True
2026-08-11,BGW-019,6,903.9,232.6,0.803,10.8,54.0,True
2026-08-12,BGW-019,6,875.7,232.6,0.803,9.4,65.9,True
2026-08-13,BGW-019,6,932.6,232.6,0.803,15.0,59.1,True
2026-08-14,BGW-019,6,891.5,232.6,0.803,11.2,60.6,True
2026-08-15,BGW-019,6,835.6,232.6,0.803,14.9,60.7,True
2026-08-16,BGW-019,6,819.8,232.6,0.803,13.9,62.2,True
2026-08-17,BGW-019,6,929.3,232.6,0.803,12.8,58.6,True
2026-08-18,BGW-019,7,896.2,232.6,0.803,14.3,58.5,True
2026-08-19,BGW-019,7,813.0,232.6,0.803,15.4,51.1,True
2026-08-20,BGW-019,7,862.9,232.6,0.803,7.6,52.5,True
2026-08-21,BGW-019,7,861.9,232.6,0.803,9.5,61.8,True
2026-08-22,BGW-019,7,879.2,232.6,0.803,12.0,62.8,True
2026-08-23,BGW-019,7,903.7,232.6,0.803,14.1,60.7,True
2026-08-24,BGW-019,7,821.8,232.6,0.803,10.2,64.8,True
2026-08-25,BGW-019,8,896.7,232.6,0.803,12.7,59.9,True
2026-08-26,BGW-019,8,837.8,232.6,0.803,9.6,55.9,True
2026-07-28,BGW-021,4,1040.5,202.7,0.896,13.5,58.3,True
2026-07-29,BGW-021,4,1026.4,202.7,0.896,12.3,62.3,True
2026-07-30,BGW-021,4,986.7,202.7,0.896,7.0,61.9,True
2026-07-31,BGW-021,4,1035.5,202.7,0.896,7.5,64.7,True
2026-08-01,BGW-021,4,1148.3,202.7,0.896,15.9,59.7,True
2026-08-02,BGW-021,4,1154.2,202.7,0.896,10.6,51.5,True
2026-08-03,BGW-021,4,1037.1,202.7,0.896,12.4,54.0,True
2026-08-04,BGW-021,5,1119.3,202.7,0.896,12.1,63.1,True
2026-08-05,BGW-021,5,1105.1,202.7,0.896,12.6,64.3,True
2026-08-06,BGW-021,5,985.5,202.7,0.896,14.1,56.3,True
2026-08-07,BGW-021,5,1045.7,202.7,0.896,12.0,52.1,True
2026-08-08,BGW-021,5,1051.6,202.7,0.896,10.8,61.9,True
2026-08-09,BGW-021,5,1071.2,202.7,0.896,9.5,63.1,True
2026-08-10,BGW-021,5,1092.1,202.7,0.896,10.5,63.9,True
2026-08-11,BGW-021,6,1071.2,202.7,0.896,11.6,54.5,True
2026-08-12,BGW-021,6,1120.2,202.7,0.896,13.4,58.8,True
2026-08-13,BGW-021,6,1119.4,202.7,0.896,12.2,61.1,True
2026-08-14,BGW-021,6,1022.4,202.7,0.896,12.0,52.2,True
2026-08-15,BGW-021,6,1127.3,202.7,0.896,12.5,63.4,True
2026-08-16,BGW-021,6,1073.3,202.7,0.896,11.4,64.2,True
2026-08-17,BGW-021,6,1089.0,202.7,0.896,14.8,64.4,True
2026-08-18,BGW-021,7,1041.4,202.7,0.896,13.8,56.3,True
2026-08-19,BGW-021,7,1033.7,202.7,0.896,12.3,57.4,True
2026-08-20,BGW-021,7,1058.9,202.7,0.896,12.0,51.7,True
2026-08-21,BGW-021,7,1128.3,202.7,0.896,10.1,61.2,True
2026-08-22,BGW-021,7,1068.7,202.7,0.896,10.9,52.0,True
2026-08-23,BGW-021,7,1072.0,202.7,0.896,11.8,59.0,True
2026-08-24,BGW-021,7,1036.7,202.7,0.896,10.5,56.3,True
2026-08-25,BGW-021,8,1036.7,202.7,0.896,13.0,52.8,True
2026-08-26,BGW-021,8,1068.9,202.7,0.896,13.9,57.9,True
2026-07-28,BGW-022,6,991.3,211.5,0.784,12.6,53.1,True
2026-07-29,BGW-022,6,1034.1,211.5,0.784,12.7,55.4,True
2026-07-30,BGW-022,6,1046.5,211.5,0.784,8.1,53.3,True
2026-07-31,BGW-022,6,1036.8,211.5,0.784,11.3,59.0,True
2026-08-01,BGW-022,6,1085.9,211.5,0.784,15.1,67.5,True
2026-08-02,BGW-022,6,1057.3,211.5,0.784,6.0,55.5,True
2026-08-03,BGW-022,6,981.6,211.5,0.784,14.2,67.5,True
2026-08-04,BGW-022,7,1002.3,211.5,0.784,11.0,66.9,True
2026-08-05,BGW-022,7,999.1,211.5,0.784,11.3,57.5,True
2026-08-06,BGW-022,7,1102.7,211.5,0.784,9.0,56.3,True
2026-08-07,BGW-022,7,955.0,211.5,0.784,15.1,57.9,True
2026-08-08,BGW-022,7,1130.1,211.5,0.784,16.6,53.2,True
2026-08-09,BGW-022,7,1071.1,211.5,0.784,13.0,67.4,True
2026-08-10,BGW-022,7,1121.6,211.5,0.784,10.8,66.0,True
2026-08-11,BGW-022,8,1062.2,211.5,0.784,13.0,56.1,True
2026-08-12,BGW-022,8,1021.6,211.5,0.784,18.0,65.8,True
2026-08-13,BGW-022,8,1022.5,211.5,0.784,14.7,62.0,True
2026-08-14,BGW-022,8,1003.8,211.5,0.784,11.9,56.8,True
2026-08-15,BGW-022,8,1169.4,211.5,0.784,13.1,57.4,True
2026-08-16,BGW-022,8,1007.6,211.5,0.784,8.9,54.3,True
2026-08-17,BGW-022,8,1010.3,211.5,0.784,9.3,56.2,True
2026-08-18,BGW-022,9,947.3,211.5,0.784,13.4,67.1,True
2026-08-19,BGW-022,9,1024.1,211.5,0.784,12.7,55.7,True
2026-08-20,BGW-022,9,1025.0,211.5,0.784,10.7,58.3,True
2026-08-21,BGW-022,9,1035.1,211.5,0.784,7.4,62.5,True
2026-08-22,BGW-022,9,1017.7,211.5,0.784,14.5,65.4,True
2026-08-23,BGW-022,9,1144.7,211.5,0.784,8.8,62.8,True
2026-08-24,BGW-022,9,1099.6,211.5,0.784,14.7,62.4,True
2026-08-25,BGW-022,10,1013.3,211.5,0.784,12.0,59.4,True
2026-08-26,BGW-022,10,1001.5,211.5,0.784,12.6,53.7,True
2026-07-28,BGW-025,3,749.9,180.3,0.835,10.9,65.9,True
2026-07-29,BGW-025,3,958.4,180.3,0.835,15.1,67.0,True
2026-07-30,BGW-025,3,920.0,180.3,0.835,10.0,62.9,True
2026-07-31,BGW-025,3,902.0,180.3,0.835,13.1,60.7,True
2026-08-01,BGW-025,3,930.5,180.3,0.835,14.1,62.3,True
2026-08-02,BGW-025,3,1000.6,180.3,0.835,11.9,62.0,True
2026-08-03,BGW-025,3,886.8,180.3,0.835,8.9,66.8,True
2026-08-04,BGW-025,4,855.1,180.3,0.835,12.5,60.9,True
2026-08-05,BGW-025,4,878.0,180.3,0.835,13.2,57.5,True
2026-08-06,BGW-025,4,854.2,180.3,0.835,11.2,68.1,True
2026-08-07,BGW-025,4,881.3,180.3,0.835,9.4,64.5,True
2026-08-08,BGW-025,4,1064.5,180.3,0.835,11.3,67.2,True
2026-08-09,BGW-025,4,876.7,180.3,0.835,12.1,69.1,True
2026-08-10,BGW-025,4,998.4,180.3,0.835,11.6,69.0,True
2026-08-11,BGW-025,5,987.2,180.3,0.835,10.3,57.0,True
2026-08-12,BGW-025,5,904.8,180.3,0.835,12.3,60.9,True
2026-08-13,BGW-025,5,899.9,180.3,0.835,14.6,59.5,True
2026-08-14,BGW-025,5,800.0,180.3,0.835,11.8,65.5,True
2026-08-15,BGW-025,5,847.3,180.3,0.835,12.9,67.4,True
2026-08-16,BGW-025,5,915.2,180.3,0.835,13.7,62.4,True
2026-08-17,BGW-025,5,817.6,180.3,0.835,13.3,67.6,True
2026-08-18,BGW-025,6,922.8,180.3,0.835,9.5,62.4,True
2026-08-19,BGW-025,6,1004.1,180.3,0.835,13.8,56.5,True
2026-08-20,BGW-025,6,1003.1,180.3,0.835,9.5,64.9,True
2026-08-21,BGW-025,6,912.9,180.3,0.835,11.5,61.2,True
2026-08-22,BGW-025,6,884.0,180.3,0.835,11.6,62.8,True
2026-08-23,BGW-025,6,930.2,180.3,0.835,11.3,65.7,True
2026-08-24,BGW-025,6,915.6,180.3,0.835,13.3,56.9,True
2026-08-25,BGW-025,7,855.1,180.3,0.835,12.9,59.2,True
2026-08-26,BGW-025,7,822.8,180.3,0.835,13.0,64.3,True
2026-07-28,BGW-026,4,1189.2,181.0,0.85,8.5,63.8,True
2026-07-29,BGW-026,4,1180.7,181.0,0.85,8.6,62.9,True
2026-07-30,BGW-026,4,1185.5,181.0,0.85,8.7,54.8,True
2026-07-31,BGW-026,4,1219.8,181.0,0.85,10.9,60.9,True
2026-08-01,BGW-026,4,1257.6,181.0,0.85,11.8,61.3,True
2026-08-02,BGW-026,4,1173.1,181.0,0.85,13.9,66.0,True
2026-08-03,BGW-026,4,1254.5,181.0,0.85,6.7,58.1,True
2026-08-04,BGW-026,5,1198.9,181.0,0.85,14.3,62.3,True
2026-08-05,BGW-026,5,1166.7,181.0,0.85,13.2,55.4,True
2026-08-06,BGW-026,5,1025.9,181.0,0.85,10.2,54.5,True
2026-08-07,BGW-026,5,1185.9,181.0,0.85,13.0,56.6,True
2026-08-08,BGW-026,5,1081.9,181.0,0.85,12.5,66.3,True
2026-08-09,BGW-026,5,1192.0,181.0,0.85,8.2,63.4,True
2026-08-10,BGW-026,5,1235.2,181.0,0.85,13.3,57.6,True
2026-08-11,BGW-026,6,1123.0,181.0,0.85,9.1,64.0,True
2026-08-12,BGW-026,6,1132.5,181.0,0.85,14.7,61.9,True
2026-08-13,BGW-026,6,1203.8,181.0,0.85,12.3,59.4,True
2026-08-14,BGW-026,6,1145.4,181.0,0.85,13.7,59.7,True
2026-08-15,BGW-026,6,1295.9,181.0,0.85,12.8,60.8,True
2026-08-16,BGW-026,6,1178.2,181.0,0.85,10.3,64.0,True
2026-08-17,BGW-026,6,1224.4,181.0,0.85,9.3,58.1,True
2026-08-18,BGW-026,7,1183.0,181.0,0.85,12.7,53.9,True
2026-08-19,BGW-026,7,1163.1,181.0,0.85,14.7,53.1,True
2026-08-20,BGW-026,7,1141.2,181.0,0.85,14.3,65.0,True
2026-08-21,BGW-026,7,1175.8,181.0,0.85,12.4,65.3,True
2026-08-22,BGW-026,7,1219.4,181.0,0.85,12.5,59.3,True
2026-08-23,BGW-026,7,1272.8,181.0,0.85,14.5,63.1,True
2026-08-24,BGW-026,7,1106.2,181.0,0.85,10.9,60.3,True
2026-08-25,BGW-026,8,1149.4,181.0,0.85,10.9,63.4,True
2026-08-26,BGW-026,8,1158.6,181.0,0.85,10.5,57.6,True
2026-07-28,BGW-028,2,924.3,254.1,0.862,11.3,60.6,True
2026-07-29,BGW-028,2,918.7,254.1,0.862,10.5,62.7,True
2026-07-30,BGW-028,2,834.5,254.1,0.862,11.8,65.1,True
2026-07-31,BGW-028,2,869.2,254.1,0.862,9.3,69.8,True
2026-08-01,BGW-028,2,937.7,254.1,0.862,12.4,59.2,True
2026-08-02,BGW-028,2,915.4,254.1,0.862,12.6,63.6,True
2026-08-03,BGW-028,2,820.9,254.1,0.862,11.5,57.5,True
2026-08-04,BGW-028,3,827.4,254.1,0.862,11.2,59.4,True
2026-08-05,BGW-028,3,939.8,254.1,0.862,10.0,67.4,True
2026-08-06,BGW-028,3,828.7,254.1,0.862,15.3,68.7,True
2026-08-07,BGW-028,3,924.5,254.1,0.862,10.5,62.9,True
2026-08-08,BGW-028,3,819.6,254.1,0.862,6.9,68.3,True
2026-08-09,BGW-028,3,865.3,254.1,0.862,14.7,62.0,True
2026-08-10,BGW-028,3,901.9,254.1,0.862,10.8,68.8,True
2026-08-11,BGW-028,4,865.3,254.1,0.862,14.3,66.0,True
2026-08-12,BGW-028,4,866.1,254.1,0.862,13.8,56.2,True
2026-08-13,BGW-028,4,791.4,254.1,0.862,12.9,58.4,True
2026-08-14,BGW-028,4,903.8,254.1,0.862,15.9,57.2,True
2026-08-15,BGW-028,4,982.0,254.1,0.862,12.3,68.2,True
2026-08-16,BGW-028,4,861.6,254.1,0.862,11.0,60.5,True
2026-08-17,BGW-028,4,991.6,254.1,0.862,13.3,66.4,True
2026-08-18,BGW-028,5,956.2,254.1,0.862,14.0,57.0,True
2026-08-19,BGW-028,5,977.5,254.1,0.862,16.1,68.8,True
2026-08-20,BGW-028,5,882.0,254.1,0.862,10.7,58.3,True
2026-08-21,BGW-028,5,899.6,254.1,0.862,12.2,65.8,True
2026-08-22,BGW-028,5,855.0,254.1,0.862,12.8,60.7,True
2026-08-23,BGW-028,5,921.6,254.1,0.862,15.8,63.7,True
2026-08-24,BGW-028,5,835.8,254.1,0.862,12.5,65.6,True
2026-08-25,BGW-028,6,862.5,254.1,0.862,12.8,66.0,True
2026-08-26,BGW-028,6,957.4,254.1,0.862,11.2,70.6,True
2026-07-28,BGW-029,7,1243.3,226.3,0.899,13.1,64.0,True
2026-07-29,BGW-029,7,1175.8,226.3,0.899,13.3,55.4,True
2026-07-30,BGW-029,7,1262.9,226.3,0.899,12.8,52.8,True
2026-07-31,BGW-029,7,1262.3,226.3,0.899,10.9,53.8,True
2026-08-01,BGW-029,7,1190.5,226.3,0.899,10.0,64.2,True
2026-08-02,BGW-029,7,1287.6,226.3,0.899,13.4,56.0,True
2026-08-03,BGW-029,7,1209.1,226.3,0.899,12.9,61.6,True
2026-08-04,BGW-029,8,1291.1,226.3,0.899,12.0,55.6,True
2026-08-05,BGW-029,8,1280.3,226.3,0.899,10.6,67.1,True
2026-08-06,BGW-029,8,1279.4,226.3,0.899,12.1,53.0,True
2026-08-07,BGW-029,8,1298.5,226.3,0.899,11.7,54.4,True
2026-08-08,BGW-029,8,1258.7,226.3,0.899,12.5,64.9,True
2026-08-09,BGW-029,8,1280.8,226.3,0.899,10.5,62.1,True
2026-08-10,BGW-029,8,1352.3,226.3,0.899,12.0,61.9,True
2026-08-11,BGW-029,9,1331.6,226.3,0.899,10.4,62.6,True
2026-08-12,BGW-029,9,1219.3,226.3,0.899,10.5,56.7,True
2026-08-13,BGW-029,9,1272.7,226.3,0.899,11.6,52.5,True
2026-08-14,BGW-029,9,1210.2,226.3,0.899,12.6,59.5,True
2026-08-15,BGW-029,9,1213.3,226.3,0.899,14.0,56.8,True
2026-08-16,BGW-029,9,1308.9,226.3,0.899,16.9,54.2,True
2026-08-17,BGW-029,9,1330.5,226.3,0.899,12.2,67.2,True
2026-08-18,BGW-029,10,1218.0,226.3,0.899,11.0,53.4,True
2026-08-19,BGW-029,10,1297.9,226.3,0.899,12.9,59.7,True
2026-08-20,BGW-029,10,1223.5,226.3,0.899,11.1,64.6,True
2026-08-21,BGW-029,10,1166.7,226.3,0.899,11.2,66.2,True
2026-08-22,BGW-029,10,1174.0,226.3,0.899,10.1,60.4,True
2026-08-23,BGW-029,10,1184.8,226.3,0.899,12.6,52.9,True
2026-08-24,BGW-029,10,1202.6,226.3,0.899,9.9,59.8,True
2026-08-25,BGW-029,11,1283.4,226.3,0.899,12.0,61.2,True
2026-08-26,BGW-029,11,1314.2,226.3,0.899,11.3,58.9,True
2026-07-28,BGW-030,4,1186.9,220.2,0.852,13.3,59.0,True
2026-07-29,BGW-030,4,1181.5,220.2,0.852,12.8,67.7,True
2026-07-30,BGW-030,4,1167.6,220.2,0.852,14.0,65.9,True
2026-07-31,BGW-030,4,1146.8,220.2,0.852,12.9,59.1,True
2026-08-01,BGW-030,4,1178.1,220.2,0.852,12.8,62.5,True
2026-08-02,BGW-030,4,1210.2,220.2,0.852,10.6,56.8,True
2026-08-03,BGW-030,4,1175.1,220.2,0.852,11.5,58.2,True
2026-08-04,BGW-030,5,1261.5,220.2,0.852,14.2,64.1,True
2026-08-05,BGW-030,5,1184.8,220.2,0.852,10.3,60.3,True
2026-08-06,BGW-030,5,1229.1,220.2,0.852,14.6,62.3,True
2026-08-07,BGW-030,5,1148.5,220.2,0.852,14.0,65.2,True
2026-08-08,BGW-030,5,1201.3,220.2,0.852,12.6,64.8,True
2026-08-09,BGW-030,5,1260.6,220.2,0.852,17.9,63.8,True
2026-08-10,BGW-030,5,1239.0,220.2,0.852,14.8,65.9,True
2026-08-11,BGW-030,6,1192.3,220.2,0.852,11.1,60.9,True
2026-08-12,BGW-030,6,1167.1,220.2,0.852,14.5,54.4,True
2026-08-13,BGW-030,6,1188.1,220.2,0.852,12.8,54.5,True
2026-08-14,BGW-030,6,1234.7,220.2,0.852,10.6,65.9,True
2026-08-15,BGW-030,6,1174.1,220.2,0.852,11.8,66.8,True
2026-08-16,BGW-030,6,1299.6,220.2,0.852,11.0,63.9,True
2026-08-17,BGW-030,6,1222.9,220.2,0.852,9.7,65.7,True
2026-08-18,BGW-030,7,1161.3,220.2,0.852,8.7,67.9,True
2026-08-19,BGW-030,7,1271.4,220.2,0.852,12.4,54.9,True
2026-08-20,BGW-030,7,1234.5,220.2,0.852,15.1,58.9,True
2026-08-21,BGW-030,7,1146.2,220.2,0.852,12.3,55.4,True
2026-08-22,BGW-030,7,1216.7,220.2,0.852,11.4,64.4,True
2026-08-23,BGW-030,7,1231.1,220.2,0.852,10.9,58.6,True
2026-08-24,BGW-030,7,1124.4,220.2,0.852,13.1,68.2,True
2026-08-25,BGW-030,8,1202.2,220.2,0.852,9.0,55.3,True
2026-08-26,BGW-030,8,1272.0,220.2,0.852,12.4,55.0,True
2026-07-28,BGW-031,4,924.3,222.5,0.788,8.9,59.4,True
2026-07-29,BGW-031,4,967.5,222.5,0.788,12.0,54.2,True
2026-07-30,BGW-031,4,975.3,222.5,0.788,12.9,56.3,True
2026-07-31,BGW-031,4,866.1,222.5,0.788,12.5,55.6,True
2026-08-01,BGW-031,4,993.2,222.5,0.788,10.5,52.7,True
2026-08-02,BGW-031,4,925.4,222.5,0.788,10.2,50.5,True
2026-08-03,BGW-031,4,1007.1,222.5,0.788,10.9,49.7,True
2026-08-04,BGW-031,5,941.6,222.5,0.788,12.4,62.7,True
2026-08-05,BGW-031,5,953.4,222.5,0.788,13.1,51.1,True
2026-08-06,BGW-031,5,1028.3,222.5,0.788,14.8,58.4,True
2026-08-07,BGW-031,5,929.0,222.5,0.788,13.5,55.6,True
2026-08-08,BGW-031,5,983.5,222.5,0.788,9.4,61.3,True
2026-08-09,BGW-031,5,944.9,222.5,0.788,13.8,53.2,True
2026-08-10,BGW-031,5,880.1,222.5,0.788,8.7,56.7,True
2026-08-11,BGW-031,6,902.3,222.5,0.788,12.3,56.5,True
2026-08-12,BGW-031,6,927.9,222.5,0.788,8.6,54.6,True
2026-08-13,BGW-031,6,914.7,222.5,0.788,10.1,52.7,True
2026-08-14,BGW-031,6,1057.5,222.5,0.788,14.2,52.2,True
2026-08-15,BGW-031,6,952.6,222.5,0.788,15.5,60.2,True
2026-08-16,BGW-031,6,929.7,222.5,0.788,8.9,55.5,True
2026-08-17,BGW-031,6,930.7,222.5,0.788,10.5,55.6,True
2026-08-18,BGW-031,7,963.0,222.5,0.788,13.4,59.6,True
2026-08-19,BGW-031,7,1007.5,222.5,0.788,11.8,49.5,True
2026-08-20,BGW-031,7,924.8,222.5,0.788,11.6,50.2,True
2026-08-21,BGW-031,7,932.2,222.5,0.788,15.0,55.6,True
2026-08-22,BGW-031,7,933.7,222.5,0.788,10.0,56.9,True
2026-08-23,BGW-031,7,1001.2,222.5,0.788,14.6,58.1,True
2026-08-24,BGW-031,7,972.3,222.5,0.788,12.8,48.5,True
2026-08-25,BGW-031,8,977.3,222.5,0.788,11.6,49.5,True
2026-08-26,BGW-031,8,1005.7,222.5,0.788,12.5,54.5,True
2026-07-28,BGW-032,2,1092.1,193.0,0.8,12.7,61.0,True
2026-07-29,BGW-032,2,1069.9,193.0,0.8,14.1,56.4,True
2026-07-30,BGW-032,2,977.7,193.0,0.8,14.1,52.9,True
2026-07-31,BGW-032,2,1045.9,193.0,0.8,12.8,50.6,True
2026-08-01,BGW-032,2,1115.6,193.0,0.8,13.6,53.2,True
2026-08-02,BGW-032,2,1023.9,193.0,0.8,11.7,59.7,True
2026-08-03,BGW-032,2,1102.1,193.0,0.8,13.6,60.3,True
2026-08-04,BGW-032,3,1034.3,193.0,0.8,11.0,54.2,True
2026-08-05,BGW-032,3,1008.5,193.0,0.8,9.5,61.2,True
2026-08-06,BGW-032,3,1090.2,193.0,0.8,9.8,54.8,True
2026-08-07,BGW-032,3,1056.6,193.0,0.8,9.6,63.2,True
2026-08-08,BGW-032,3,1024.6,193.0,0.8,10.1,52.5,True
2026-08-09,BGW-032,3,1078.8,193.0,0.8,10.7,52.8,True
2026-08-10,BGW-032,3,1057.5,193.0,0.8,12.6,49.0,True
2026-08-11,BGW-032,4,1007.5,193.0,0.8,11.2,53.9,True
2026-08-12,BGW-032,4,1147.7,193.0,0.8,10.7,53.2,True
2026-08-13,BGW-032,4,1097.5,193.0,0.8,9.0,56.7,True
2026-08-14,BGW-032,4,1062.5,193.0,0.8,8.7,50.3,True
2026-08-15,BGW-032,4,1059.8,193.0,0.8,11.6,54.2,True
2026-08-16,BGW-032,4,1002.4,193.0,0.8,15.1,49.6,True
2026-08-17,BGW-032,4,1009.4,193.0,0.8,11.7,62.4,True
2026-08-18,BGW-032,5,1004.4,193.0,0.8,12.7,63.4,True
2026-08-19,BGW-032,5,1044.7,193.0,0.8,12.3,57.9,True
2026-08-20,BGW-032,5,1069.1,193.0,0.8,14.9,54.4,True
2026-08-21,BGW-032,5,1053.8,193.0,0.8,11.5,49.5,True
2026-08-22,BGW-032,5,1000.8,193.0,0.8,9.8,51.9,True
2026-08-23,BGW-032,5,1084.6,193.0,0.8,12.4,50.0,True
2026-08-24,BGW-032,5,1067.7,193.0,0.8,9.1,49.8,True
2026-08-25,BGW-032,6,1109.9,193.0,0.8,12.4,48.7,True
2026-08-26,BGW-032,6,1012.8,193.0,0.8,13.7,52.8,True
2026-07-28,BGW-034,6,1060.5,201.9,0.862,13.1,69.5,True
2026-07-29,BGW-034,6,1058.0,201.9,0.862,9.8,59.0,True
2026-07-30,BGW-034,6,997.1,201.9,0.862,13.5,60.7,True
2026-07-31,BGW-034,6,1056.2,201.9,0.862,8.5,58.0,True
2026-08-01,BGW-034,6,1086.7,201.9,0.862,9.6,59.8,True
2026-08-02,BGW-034,6,979.7,201.9,0.862,17.5,64.3,True
2026-08-03,BGW-034,6,1108.0,201.9,0.862,17.3,60.1,True
2026-08-04,BGW-034,7,1066.1,201.9,0.862,9.7,67.6,True
2026-08-05,BGW-034,7,994.9,201.9,0.862,15.6,61.6,True
2026-08-06,BGW-034,7,950.8,201.9,0.862,12.5,63.3,True
2026-08-07,BGW-034,7,935.3,201.9,0.862,14.3,62.6,True
2026-08-08,BGW-034,7,973.1,201.9,0.862,10.7,62.2,True
2026-08-09,BGW-034,7,1036.4,201.9,0.862,10.9,65.7,True
2026-08-10,BGW-034,7,1080.4,201.9,0.862,11.9,55.5,True
2026-08-11,BGW-034,8,977.3,201.9,0.862,11.9,64.9,True
2026-08-12,BGW-034,8,1103.6,201.9,0.862,13.6,59.5,True
2026-08-13,BGW-034,8,1026.9,201.9,0.862,13.7,61.7,True
2026-08-14,BGW-034,8,1133.4,201.9,0.862,12.5,69.7,True
2026-08-15,BGW-034,8,1029.8,201.9,0.862,15.9,57.7,True
2026-08-16,BGW-034,8,1108.7,201.9,0.862,11.2,70.1,True
2026-08-17,BGW-034,8,942.8,201.9,0.862,10.3,63.4,True
2026-08-18,BGW-034,9,1060.0,201.9,0.862,15.2,61.7,True
2026-08-19,BGW-034,9,1084.9,201.9,0.862,14.4,59.3,True
2026-08-20,BGW-034,9,1007.3,201.9,0.862,14.9,69.9,True
2026-08-21,BGW-034,9,1075.9,201.9,0.862,11.7,68.6,True
2026-08-22,BGW-034,9,997.5,201.9,0.862,15.0,62.2,True
2026-08-23,BGW-034,9,1020.5,201.9,0.862,11.7,66.4,True
2026-08-24,BGW-034,9,1031.4,201.9,0.862,14.0,59.9,True
2026-08-25,BGW-034,10,1106.2,201.9,0.862,15.8,63.4,True
2026-08-26,BGW-034,10,995.0,201.9,0.862,11.8,57.7,True
2026-07-28,BGW-035,4,1107.3,243.2,0.798,9.7,63.6,True
2026-07-29,BGW-035,4,1123.0,243.2,0.798,12.0,54.3,True
2026-07-30,BGW-035,4,1048.0,243.2,0.798,13.1,61.0,True
2026-07-31,BGW-035,4,1109.9,243.2,0.798,12.9,55.9,True
2026-08-01,BGW-035,4,1168.8,243.2,0.798,11.5,61.7,True
2026-08-02,BGW-035,4,1069.1,243.2,0.798,13.4,52.8,True
2026-08-03,BGW-035,4,1050.7,243.2,0.798,11.9,56.8,True
2026-08-04,BGW-035,5,1097.6,243.2,0.798,10.6,65.0,True
2026-08-05,BGW-035,5,1065.4,243.2,0.798,10.8,53.0,True
2026-08-06,BGW-035,5,1091.6,243.2,0.798,12.3,63.0,True
2026-08-07,BGW-035,5,1194.9,243.2,0.798,11.6,59.7,True
2026-08-08,BGW-035,5,1182.5,243.2,0.798,9.5,61.1,True
2026-08-09,BGW-035,5,1115.5,243.2,0.798,16.1,53.1,True
2026-08-10,BGW-035,5,1076.5,243.2,0.798,11.1,61.3,True
2026-08-11,BGW-035,6,1164.0,243.2,0.798,15.5,58.5,True
2026-08-12,BGW-035,6,1152.6,243.2,0.798,9.6,65.2,True
2026-08-13,BGW-035,6,1120.2,243.2,0.798,11.3,65.3,True
2026-08-14,BGW-035,6,1155.1,243.2,0.798,13.6,55.8,True
2026-08-15,BGW-035,6,1146.1,243.2,0.798,14.4,60.8,True
2026-08-16,BGW-035,6,981.2,243.2,0.798,12.3,53.8,True
2026-08-17,BGW-035,6,1119.0,243.2,0.798,8.8,53.3,True
2026-08-18,BGW-035,7,1079.2,243.2,0.798,14.4,52.0,True
2026-08-19,BGW-035,7,1076.6,243.2,0.798,14.7,61.3,True
2026-08-20,BGW-035,7,1034.5,243.2,0.798,15.4,55.1,True
2026-08-21,BGW-035,7,1084.4,243.2,0.798,13.5,58.5,True
2026-08-22,BGW-035,7,1064.9,243.2,0.798,12.4,53.4,True
2026-08-23,BGW-035,7,1094.0,243.2,0.798,13.7,56.5,True
2026-08-24,BGW-035,7,1055.7,243.2,0.798,10.0,62.5,True
2026-08-25,BGW-035,8,1018.5,243.2,0.798,10.4,65.7,True
2026-08-26,BGW-035,8,1009.0,243.2,0.798,10.2,57.7,True
2026-07-28,BGW-036,7,847.2,200.1,0.91,10.6,66.7,True
2026-07-29,BGW-036,7,865.1,200.1,0.91,11.8,64.0,True
2026-07-30,BGW-036,7,864.7,200.1,0.91,11.6,68.4,True
2026-07-31,BGW-036,7,878.9,200.1,0.91,10.0,58.5,True
2026-08-01,BGW-036,7,832.9,200.1,0.91,11.7,67.0,True
2026-08-02,BGW-036,7,702.4,200.1,0.91,13.9,54.6,True
2026-08-03,BGW-036,7,847.3,200.1,0.91,11.1,69.1,True
2026-08-04,BGW-036,8,782.2,200.1,0.91,12.4,63.9,True
2026-08-05,BGW-036,8,941.4,200.1,0.91,14.0,58.8,True
2026-08-06,BGW-036,8,852.9,200.1,0.91,11.3,69.4,True
2026-08-07,BGW-036,8,764.8,200.1,0.91,15.8,65.0,True
2026-08-08,BGW-036,8,860.3,200.1,0.91,11.1,57.5,True
2026-08-09,BGW-036,8,780.7,200.1,0.91,9.0,59.2,True
2026-08-10,BGW-036,8,867.5,200.1,0.91,14.5,66.9,True
2026-08-11,BGW-036,9,854.3,200.1,0.91,9.2,63.8,True
2026-08-12,BGW-036,9,843.7,200.1,0.91,12.7,65.0,True
2026-08-13,BGW-036,9,815.0,200.1,0.91,10.4,56.3,True
2026-08-14,BGW-036,9,797.0,200.1,0.91,14.4,66.9,True
2026-08-15,BGW-036,9,811.8,200.1,0.91,7.7,69.0,True
2026-08-16,BGW-036,9,844.0,200.1,0.91,8.3,64.5,True
2026-08-17,BGW-036,9,850.1,200.1,0.91,9.7,58.2,True
2026-08-18,BGW-036,10,870.9,200.1,0.91,17.7,68.5,True
2026-08-19,BGW-036,10,881.5,200.1,0.91,8.3,65.3,True
2026-08-20,BGW-036,10,813.9,200.1,0.91,14.9,62.9,True
2026-08-21,BGW-036,10,812.2,200.1,0.91,8.8,61.1,True
2026-08-22,BGW-036,10,751.9,200.1,0.91,7.9,61.2,True
2026-08-23,BGW-036,10,777.9,200.1,0.91,13.6,63.8,True
2026-08-24,BGW-036,10,919.5,200.1,0.91,16.7,60.7,True
2026-08-25,BGW-036,11,922.0,200.1,0.91,14.2,65.6,True
2026-08-26,BGW-036,11,854.5,200.1,0.91,9.5,60.9,True
2026-07-28,BGW-038,2,1272.9,256.0,0.845,9.3,61.5,True
2026-07-29,BGW-038,2,1169.5,256.0,0.845,7.0,56.0,True
2026-07-30,BGW-038,2,1137.8,256.0,0.845,13.5,66.6,True
2026-07-31,BGW-038,2,1154.4,256.0,0.845,13.1,59.2,True
2026-08-01,BGW-038,2,1249.5,256.0,0.845,12.7,54.9,True
2026-08-02,BGW-038,2,1286.6,256.0,0.845,11.6,54.8,True
2026-08-03,BGW-038,2,1258.3,256.0,0.845,9.8,55.1,True
2026-08-04,BGW-038,3,1309.5,256.0,0.845,13.6,60.3,True
2026-08-05,BGW-038,3,1335.0,256.0,0.845,11.2,54.9,True
2026-08-06,BGW-038,3,1230.9,256.0,0.845,8.7,59.5,True
2026-08-07,BGW-038,3,1142.7,256.0,0.845,11.0,67.4,True
2026-08-08,BGW-038,3,1285.6,256.0,0.845,14.6,63.6,True
2026-08-09,BGW-038,3,1193.7,256.0,0.845,11.1,57.5,True
2026-08-10,BGW-038,3,1214.1,256.0,0.845,15.5,67.2,True
2026-08-11,BGW-038,4,1189.2,256.0,0.845,8.4,53.7,True
2026-08-12,BGW-038,4,1304.6,256.0,0.845,12.9,62.0,True
2026-08-13,BGW-038,4,1192.8,256.0,0.845,12.8,60.2,True
2026-08-14,BGW-038,4,1215.6,256.0,0.845,13.5,61.1,True
2026-08-15,BGW-038,4,1295.0,256.0,0.845,9.8,56.3,True
2026-08-16,BGW-038,4,1283.2,256.0,0.845,11.2,53.9,True
2026-08-17,BGW-038,4,1233.5,256.0,0.845,13.7,65.4,True
2026-08-18,BGW-038,5,1275.2,256.0,0.845,12.1,60.8,True
2026-08-19,BGW-038,5,1266.9,256.0,0.845,12.4,65.6,True
2026-08-20,BGW-038,5,1325.6,256.0,0.845,8.9,58.0,True
2026-08-21,BGW-038,5,1121.6,256.0,0.845,12.2,58.8,True
2026-08-22,BGW-038,5,1264.3,256.0,0.845,10.6,63.4,True
2026-08-23,BGW-038,5,1294.8,256.0,0.845,17.0,63.4,True
2026-08-24,BGW-038,5,1248.5,256.0,0.845,12.0,63.4,True
2026-08-25,BGW-038,6,1300.7,256.0,0.845,12.5,53.9,True
2026-08-26,BGW-038,6,1213.4,256.0,0.845,11.3,59.4,True
2026-07-28,BGW-039,6,835.7,249.1,0.871,14.3,58.8,True
2026-07-29,BGW-039,6,819.7,249.1,0.871,9.9,55.3,True
2026-07-30,BGW-039,6,726.7,249.1,0.871,16.1,62.4,True
2026-07-31,BGW-039,6,756.4,249.1,0.871,10.5,57.1,True
2026-08-01,BGW-039,6,737.0,249.1,0.871,13.2,59.3,True
2026-08-02,BGW-039,6,800.6,249.1,0.871,10.7,56.3,True
2026-08-03,BGW-039,6,712.2,249.1,0.871,15.4,66.6,True
2026-08-04,BGW-039,7,730.5,249.1,0.871,11.6,66.8,True
2026-08-05,BGW-039,7,825.8,249.1,0.871,10.4,68.8,True
2026-08-06,BGW-039,7,775.6,249.1,0.871,13.8,57.0,True
2026-08-07,BGW-039,7,878.4,249.1,0.871,10.5,56.3,True
2026-08-08,BGW-039,7,876.8,249.1,0.871,11.5,68.6,True
2026-08-09,BGW-039,7,859.3,249.1,0.871,9.2,64.1,True
2026-08-10,BGW-039,7,877.3,249.1,0.871,14.0,58.3,True
2026-08-11,BGW-039,8,889.9,249.1,0.871,11.5,65.5,True
2026-08-12,BGW-039,8,854.7,249.1,0.871,13.0,65.2,True
2026-08-13,BGW-039,8,808.9,249.1,0.871,12.6,64.4,True
2026-08-14,BGW-039,8,761.2,249.1,0.871,13.6,62.9,True
2026-08-15,BGW-039,8,831.6,249.1,0.871,13.0,67.6,True
2026-08-16,BGW-039,8,796.6,249.1,0.871,8.6,58.7,True
2026-08-17,BGW-039,8,880.9,249.1,0.871,10.7,66.9,True
2026-08-18,BGW-039,9,842.3,249.1,0.871,11.8,58.8,True
2026-08-19,BGW-039,9,814.2,249.1,0.871,8.6,55.3,True
2026-08-20,BGW-039,9,794.5,249.1,0.871,7.2,59.5,True
2026-08-21,BGW-039,9,875.8,249.1,0.871,9.5,56.3,True
2026-08-22,BGW-039,9,874.1,249.1,0.871,11.2,64.7,True
2026-08-23,BGW-039,9,799.7,249.1,0.871,16.0,55.5,True
2026-08-24,BGW-039,9,847.7,249.1,0.871,10.0,59.2,True
2026-08-25,BGW-039,10,789.5,249.1,0.871,11.7,57.6,True
2026-08-26,BGW-039,10,862.7,249.1,0.871,16.1,61.7,True
2026-07-28,BGW-040,4,1138.6,259.3,0.817,13.5,59.8,True
2026-07-29,BGW-040,4,1136.3,259.3,0.817,13.9,57.9,True
2026-07-30,BGW-040,4,1070.0,259.3,0.817,12.1,62.8,True
2026-07-31,BGW-040,4,1123.3,259.3,0.817,12.3,49.9,True
2026-08-01,BGW-040,4,1022.9,259.3,0.817,6.3,54.0,True
2026-08-02,BGW-040,4,1026.7,259.3,0.817,11.5,53.1,True
2026-08-03,BGW-040,4,1117.0,259.3,0.817,12.2,60.9,True
2026-08-04,BGW-040,5,1168.4,259.3,0.817,11.4,53.0,True
2026-08-05,BGW-040,5,1106.7,259.3,0.817,10.9,61.4,True
2026-08-06,BGW-040,5,1179.9,259.3,0.817,8.6,49.4,True
2026-08-07,BGW-040,5,1080.1,259.3,0.817,11.2,50.0,True
2026-08-08,BGW-040,5,1186.5,259.3,0.817,13.4,61.1,True
2026-08-09,BGW-040,5,1051.8,259.3,0.817,14.5,57.4,True
2026-08-10,BGW-040,5,1112.8,259.3,0.817,9.3,55.0,True
2026-08-11,BGW-040,6,1080.8,259.3,0.817,13.8,63.0,True
2026-08-12,BGW-040,6,1054.1,259.3,0.817,10.6,62.1,True
2026-08-13,BGW-040,6,1119.0,259.3,0.817,13.3,51.0,True
2026-08-14,BGW-040,6,1010.9,259.3,0.817,8.3,52.6,True
2026-08-15,BGW-040,6,1066.7,259.3,0.817,12.2,57.4,True
2026-08-16,BGW-040,6,1188.2,259.3,0.817,12.6,50.3,True
2026-08-17,BGW-040,6,1084.4,259.3,0.817,13.1,61.9,True
2026-08-18,BGW-040,7,1064.3,259.3,0.817,14.4,62.8,True
2026-08-19,BGW-040,7,1080.1,259.3,0.817,12.7,59.8,True
2026-08-20,BGW-040,7,1138.0,259.3,0.817,14.5,53.2,True
2026-08-21,BGW-040,7,1157.6,259.3,0.817,13.0,53.9,True
2026-08-22,BGW-040,7,1143.9,259.3,0.817,13.3,60.2,True
2026-08-23,BGW-040,7,1109.2,259.3,0.817,11.8,63.0,True
2026-08-24,BGW-040,7,1115.4,259.3,0.817,12.6,58.5,True
2026-08-25,BGW-040,8,1050.1,259.3,0.817,10.2,63.6,True
2026-08-26,BGW-040,8,1054.6,259.3,0.817,14.0,62.9,True
2026-07-28,BGW-043,6,1081.6,218.2,0.811,11.3,69.0,True
2026-07-29,BGW-043,6,1068.6,218.2,0.811,11.9,62.4,True
2026-07-30,BGW-043,6,1114.0,218.2,0.811,14.7,68.0,True
2026-07-31,BGW-043,6,1135.5,218.2,0.811,14.6,62.0,True
2026-08-01,BGW-043,6,1100.8,218.2,0.811,11.5,66.9,True
2026-08-02,BGW-043,6,1088.6,218.2,0.811,13.3,55.0,True
2026-08-03,BGW-043,6,1153.3,218.2,0.811,13.3,54.9,True
2026-08-04,BGW-043,7,1142.4,218.2,0.811,14.4,66.7,True
2026-08-05,BGW-043,7,1002.3,218.2,0.811,10.3,62.9,True
2026-08-06,BGW-043,7,1196.8,218.2,0.811,8.6,64.4,True
2026-08-07,BGW-043,7,1083.0,218.2,0.811,12.5,63.5,True
2026-08-08,BGW-043,7,1008.8,218.2,0.811,13.9,57.0,True
2026-08-09,BGW-043,7,1137.0,218.2,0.811,12.7,61.2,True
2026-08-10,BGW-043,7,1164.2,218.2,0.811,9.9,66.2,True
2026-08-11,BGW-043,8,1043.1,218.2,0.811,16.0,62.9,True
2026-08-12,BGW-043,8,1031.8,218.2,0.811,11.6,56.1,True
2026-08-13,BGW-043,8,1020.6,218.2,0.811,16.4,61.3,True
2026-08-14,BGW-043,8,1106.4,218.2,0.811,10.2,61.9,True
2026-08-15,BGW-043,8,1112.5,218.2,0.811,15.5,64.6,True
2026-08-16,BGW-043,8,1183.4,218.2,0.811,9.3,68.7,True
2026-08-17,BGW-043,8,1063.7,218.2,0.811,12.3,65.5,True
2026-08-18,BGW-043,9,1059.4,218.2,0.811,6.0,69.1,True
2026-08-19,BGW-043,9,1039.0,218.2,0.811,12.0,59.7,True
2026-08-20,BGW-043,9,1041.3,218.2,0.811,13.7,54.5,True
2026-08-21,BGW-043,9,1014.7,218.2,0.811,15.4,58.8,True
2026-08-22,BGW-043,9,1069.1,218.2,0.811,13.8,61.2,True
2026-08-23,BGW-043,9,1058.4,218.2,0.811,12.0,62.1,True
2026-08-24,BGW-043,9,1041.1,218.2,0.811,11.6,56.0,True
2026-08-25,BGW-043,10,1017.5,218.2,0.811,13.2,67.5,True
2026-08-26,BGW-043,10,1018.6,218.2,0.811,10.3,62.2,True
2026-07-28,BGW-045,6,1152.1,250.9,0.825,12.8,54.4,True
2026-07-29,BGW-045,6,1192.6,250.9,0.825,11.0,59.3,True
2026-07-30,BGW-045,6,1087.4,250.9,0.825,12.9,51.8,True
2026-07-31,BGW-045,6,1174.1,250.9,0.825,12.7,64.4,True
2026-08-01,BGW-045,6,1283.9,250.9,0.825,13.0,64.6,True
2026-08-02,BGW-045,6,1171.0,250.9,0.825,12.6,58.2,True
2026-08-03,BGW-045,6,1188.3,250.9,0.825,10.7,60.7,True
2026-08-04,BGW-045,7,1156.0,250.9,0.825,13.1,49.8,True
2026-08-05,BGW-045,7,1121.8,250.9,0.825,10.0,53.1,True
2026-08-06,BGW-045,7,1203.2,250.9,0.825,10.1,62.9,True
2026-08-07,BGW-045,7,1194.2,250.9,0.825,11.7,64.0,True
2026-08-08,BGW-045,7,1250.4,250.9,0.825,10.6,63.4,True
2026-08-09,BGW-045,7,1210.3,250.9,0.825,11.4,58.2,True
2026-08-10,BGW-045,7,1102.9,250.9,0.825,12.4,51.7,True
2026-08-11,BGW-045,8,1173.4,250.9,0.825,13.4,58.0,True
2026-08-12,BGW-045,8,1188.2,250.9,0.825,8.7,52.6,True
2026-08-13,BGW-045,8,1099.7,250.9,0.825,12.0,51.4,True
2026-08-14,BGW-045,8,1177.0,250.9,0.825,13.4,64.1,True
2026-08-15,BGW-045,8,1192.6,250.9,0.825,10.9,57.3,True
2026-08-16,BGW-045,8,1169.7,250.9,0.825,10.9,51.4,True
2026-08-17,BGW-045,8,1161.8,250.9,0.825,10.5,61.2,True
2026-08-18,BGW-045,9,1150.5,250.9,0.825,10.3,53.3,True
2026-08-19,BGW-045,9,1270.1,250.9,0.825,15.9,64.4,True
2026-08-20,BGW-045,9,1101.8,250.9,0.825,13.5,57.4,True
2026-08-21,BGW-045,9,1204.5,250.9,0.825,13.3,50.7,True
2026-08-22,BGW-045,9,1216.9,250.9,0.825,12.0,60.4,True
2026-08-23,BGW-045,9,1145.8,250.9,0.825,10.2,55.0,True
2026-08-24,BGW-045,9,1141.6,250.9,0.825,9.5,59.9,True
2026-08-25,BGW-045,10,1208.2,250.9,0.825,11.3,53.0,True
2026-08-26,BGW-045,10,1098.6,250.9,0.825,11.2,59.1,True
2026-07-28,BGW-046,6,881.7,218.6,0.835,11.9,66.5,True
2026-07-29,BGW-046,6,802.1,218.6,0.835,13.6,58.2,True
2026-07-30,BGW-046,6,796.7,218.6,0.835,13.1,62.9,True
2026-07-31,BGW-046,6,783.5,218.6,0.835,13.0,67.0,True
2026-08-01,BGW-046,6,810.4,218.6,0.835,10.9,66.8,True
2026-08-02,BGW-046,6,889.0,218.6,0.835,13.8,62.8,True
2026-08-03,BGW-046,6,758.1,218.6,0.835,13.2,58.7,True
2026-08-04,BGW-046,7,763.4,218.6,0.835,12.4,66.6,True
2026-08-05,BGW-046,7,838.0,218.6,0.835,11.7,69.8,True
2026-08-06,BGW-046,7,763.3,218.6,0.835,13.6,63.7,True
2026-08-07,BGW-046,7,794.2,218.6,0.835,11.5,68.4,True
2026-08-08,BGW-046,7,780.3,218.6,0.835,12.5,57.6,True
2026-08-09,BGW-046,7,796.0,218.6,0.835,12.5,69.6,True
2026-08-10,BGW-046,7,886.4,218.6,0.835,11.0,64.7,True
2026-08-11,BGW-046,8,792.0,218.6,0.835,11.6,64.5,True
2026-08-12,BGW-046,8,710.1,218.6,0.835,12.1,64.3,True
2026-08-13,BGW-046,8,789.0,218.6,0.835,10.6,69.0,True
2026-08-14,BGW-046,8,777.5,218.6,0.835,10.7,68.4,True
2026-08-15,BGW-046,8,832.6,218.6,0.835,11.2,67.7,True
2026-08-16,BGW-046,8,791.5,218.6,0.835,12.5,61.6,True
2026-08-17,BGW-046,8,848.1,218.6,0.835,9.8,68.1,True
2026-08-18,BGW-046,9,820.6,218.6,0.835,13.6,65.1,True
2026-08-19,BGW-046,9,901.7,218.6,0.835,12.4,59.3,True
2026-08-20,BGW-046,9,911.0,218.6,0.835,11.7,63.7,True
2026-08-21,BGW-046,9,900.8,218.6,0.835,9.5,65.4,True
2026-08-22,BGW-046,9,712.6,218.6,0.835,11.9,69.7,True
2026-08-23,BGW-046,9,795.4,218.6,0.835,10.9,68.4,True
2026-08-24,BGW-046,9,839.9,218.6,0.835,10.0,58.5,True
2026-08-25,BGW-046,10,877.9,218.6,0.835,13.8,60.6,True
2026-08-26,BGW-046,10,781.6,218.6,0.835,17.3,69.5,True
2026-07-28,BGW-047,5,996.6,239.8,0.798,10.1,59.9,True
2026-07-29,BGW-047,5,882.7,239.8,0.798,10.1,67.5,True
2026-07-30,BGW-047,5,1032.9,239.8,0.798,12.5,55.3,True
2026-07-31,BGW-047,5,982.0,239.8,0.798,9.6,60.4,True
2026-08-01,BGW-047,5,965.8,239.8,0.798,12.1,62.3,True
2026-08-02,BGW-047,5,937.8,239.8,0.798,11.9,53.6,True
2026-08-03,BGW-047,5,953.4,239.8,0.798,13.7,59.7,True
2026-08-04,BGW-047,6,1008.0,239.8,0.798,15.7,56.8,True
2026-08-05,BGW-047,6,1019.6,239.8,0.798,13.8,55.0,True
2026-08-06,BGW-047,6,1016.8,239.8,0.798,13.4,56.3,True
2026-08-07,BGW-047,6,967.3,239.8,0.798,14.8,64.8,True
2026-08-08,BGW-047,6,958.2,239.8,0.798,15.4,56.6,True
2026-08-09,BGW-047,6,1006.8,239.8,0.798,15.3,56.0,True
2026-08-10,BGW-047,6,1030.6,239.8,0.798,8.5,61.1,True
2026-08-11,BGW-047,7,993.8,239.8,0.798,14.5,58.8,True
2026-08-12,BGW-047,7,944.1,239.8,0.798,10.2,56.2,True
2026-08-13,BGW-047,7,1010.2,239.8,0.798,14.2,52.7,True
2026-08-14,BGW-047,7,1097.4,239.8,0.798,9.1,65.9,True
2026-08-15,BGW-047,7,1035.7,239.8,0.798,11.1,63.5,True
2026-08-16,BGW-047,7,1023.6,239.8,0.798,12.5,52.8,True
2026-08-17,BGW-047,7,977.8,239.8,0.798,9.1,58.1,True
2026-08-18,BGW-047,8,882.4,239.8,0.798,12.2,56.1,True
2026-08-19,BGW-047,8,979.8,239.8,0.798,12.9,56.4,True
2026-08-20,BGW-047,8,1000.8,239.8,0.798,6.6,53.4,True
2026-08-21,BGW-047,8,923.6,239.8,0.798,9.8,56.7,True
2026-08-22,BGW-047,8,948.3,239.8,0.798,10.0,60.0,True
2026-08-23,BGW-047,8,965.3,239.8,0.798,13.3,66.4,True
2026-08-24,BGW-047,8,1004.5,239.8,0.798,11.1,59.2,True
2026-08-25,BGW-047,9,1002.7,239.8,0.798,13.3,58.6,True
2026-08-26,BGW-047,9,906.6,239.8,0.798,11.1,61.0,True
2026-07-28,BGW-051,4,1039.7,219.5,0.883,11.2,56.5,True
2026-07-29,BGW-051,4,1039.1,219.5,0.883,13.8,58.7,True
2026-07-30,BGW-051,4,1083.0,219.5,0.883,10.2,61.4,True
2026-07-31,BGW-051,4,1133.2,219.5,0.883,8.6,60.9,True
2026-08-01,BGW-051,4,1049.9,219.5,0.883,11.1,70.5,True
2026-08-02,BGW-051,4,984.2,219.5,0.883,14.3,68.7,True
2026-08-03,BGW-051,4,1083.5,219.5,0.883,14.4,57.3,True
2026-08-04,BGW-051,5,1056.1,219.5,0.883,10.6,62.0,True
2026-08-05,BGW-051,5,1049.8,219.5,0.883,12.1,67.1,True
2026-08-06,BGW-051,5,935.4,219.5,0.883,12.0,60.2,True
2026-08-07,BGW-051,5,1026.5,219.5,0.883,11.7,66.7,True
2026-08-08,BGW-051,5,930.3,219.5,0.883,10.4,69.1,True
2026-08-09,BGW-051,5,1032.6,219.5,0.883,13.6,67.9,True
2026-08-10,BGW-051,5,1089.9,219.5,0.883,7.4,67.0,True
2026-08-11,BGW-051,6,921.3,219.5,0.883,10.5,62.6,True
2026-08-12,BGW-051,6,1064.4,219.5,0.883,11.6,66.3,True
2026-08-13,BGW-051,6,1010.2,219.5,0.883,13.6,60.0,True
2026-08-14,BGW-051,6,1035.9,219.5,0.883,11.6,70.2,True
2026-08-15,BGW-051,6,999.5,219.5,0.883,14.2,67.6,True
2026-08-16,BGW-051,6,1065.6,219.5,0.883,12.4,65.9,True
2026-08-17,BGW-051,6,1073.4,219.5,0.883,13.5,58.7,True
2026-08-18,BGW-051,7,1071.6,219.5,0.883,13.1,66.9,True
2026-08-19,BGW-051,7,1112.2,219.5,0.883,15.6,60.9,True
2026-08-20,BGW-051,7,1120.4,219.5,0.883,9.3,63.3,True
2026-08-21,BGW-051,7,979.4,219.5,0.883,12.0,61.8,True
2026-08-22,BGW-051,7,971.3,219.5,0.883,13.1,61.2,True
2026-08-23,BGW-051,7,1045.6,219.5,0.883,11.1,70.7,True
2026-08-24,BGW-051,7,1112.5,219.5,0.883,9.4,56.4,True
2026-08-25,BGW-051,8,1042.2,219.5,0.883,10.6,63.7,True
2026-08-26,BGW-051,8,1070.0,219.5,0.883,11.9,62.6,True
