timestamp,well_id,oil_BOPD,water_cut_frac,total_liquid_BLPD,is_synthetic
2026-07-28,BGW-001,8.78,0.226,11.34,True
2026-07-29,BGW-001,20.47,0.226,26.45,True
2026-07-30,BGW-001,15.57,0.226,20.11,True
2026-07-31,BGW-001,7.57,0.226,9.78,True
2026-08-01,BGW-001,17.93,0.226,23.17,True
2026-08-02,BGW-001,9.07,0.226,11.72,True
2026-08-03,BGW-001,5.92,0.226,7.65,True
2026-08-04,BGW-001,15.91,0.226,20.55,True
2026-08-05,BGW-001,8.89,0.226,11.48,True
2026-08-06,BGW-001,12.33,0.226,15.93,True
2026-08-07,BGW-001,11.74,0.226,15.17,True
2026-08-08,BGW-001,10.46,0.226,13.52,True
2026-08-09,BGW-001,16.99,0.226,21.95,True
2026-08-10,BGW-001,22.19,0.226,28.67,True
2026-08-11,BGW-001,6.79,0.226,8.78,True
2026-08-12,BGW-001,10.88,0.226,14.05,True
2026-08-13,BGW-001,6.84,0.226,8.84,True
2026-08-14,BGW-001,14.29,0.226,18.46,True
2026-08-15,BGW-001,20.99,0.226,27.12,True
2026-08-16,BGW-001,18.44,0.226,23.83,True
2026-08-17,BGW-001,19.77,0.226,25.54,True
2026-08-18,BGW-001,10.0,0.226,12.92,True
2026-08-19,BGW-001,19.58,0.226,25.3,True
2026-08-20,BGW-001,17.84,0.226,23.05,True
2026-08-21,BGW-001,16.59,0.226,21.43,True
2026-08-22,BGW-001,17.71,0.226,22.88,True
2026-08-23,BGW-001,15.91,0.226,20.55,True
2026-08-24,BGW-001,22.03,0.226,28.47,True
2026-08-25,BGW-001,7.48,0.226,9.66,True
2026-08-26,BGW-001,16.98,0.226,21.94,True
2026-07-28,BGW-002,9.29,0.092,10.23,True
2026-07-29,BGW-002,11.1,0.092,12.22,True
2026-07-30,BGW-002,17.48,0.092,19.25,True
2026-07-31,BGW-002,13.14,0.092,14.47,True
2026-08-01,BGW-002,10.32,0.092,11.36,True
2026-08-02,BGW-002,21.15,0.092,23.29,True
2026-08-03,BGW-002,17.14,0.092,18.88,True
2026-08-04,BGW-002,23.49,0.092,25.87,True
2026-08-05,BGW-002,12.4,0.092,13.66,True
2026-08-06,BGW-002,19.83,0.092,21.84,True
2026-08-07,BGW-002,19.12,0.092,21.06,True
2026-08-08,BGW-002,23.14,0.092,25.48,True
2026-08-09,BGW-002,18.94,0.092,20.86,True
2026-08-10,BGW-002,11.21,0.092,12.34,True
2026-08-11,BGW-002,14.8,0.092,16.3,True
2026-08-12,BGW-002,6.85,0.092,7.55,True
2026-08-13,BGW-002,24.49,0.092,26.97,True
2026-08-14,BGW-002,7.3,0.092,8.04,True
2026-08-15,BGW-002,7.39,0.092,8.14,True
2026-08-16,BGW-002,18.57,0.092,20.45,True
2026-08-17,BGW-002,23.92,0.092,26.34,True
2026-08-18,BGW-002,20.01,0.092,22.03,True
2026-08-19,BGW-002,24.28,0.092,26.74,True
2026-08-20,BGW-002,14.83,0.092,16.33,True
2026-08-21,BGW-002,5.72,0.092,6.29,True
2026-08-22,BGW-002,16.85,0.092,18.56,True
2026-08-23,BGW-002,6.1,0.092,6.72,True
2026-08-24,BGW-002,17.27,0.092,19.02,True
2026-08-25,BGW-002,8.6,0.092,9.48,True
2026-08-26,BGW-002,9.77,0.092,10.76,True
2026-07-28,BGW-006,20.27,0.149,23.82,True
2026-07-29,BGW-006,21.31,0.149,25.04,True
2026-07-30,BGW-006,9.97,0.149,11.72,True
2026-07-31,BGW-006,9.03,0.149,10.61,True
2026-08-01,BGW-006,8.11,0.149,9.53,True
2026-08-02,BGW-006,5.91,0.149,6.95,True
2026-08-03,BGW-006,17.38,0.149,20.42,True
2026-08-04,BGW-006,18.26,0.149,21.46,True
2026-08-05,BGW-006,15.53,0.149,18.25,True
2026-08-06,BGW-006,6.85,0.149,8.05,True
2026-08-07,BGW-006,12.81,0.149,15.06,True
2026-08-08,BGW-006,10.58,0.149,12.43,True
2026-08-09,BGW-006,7.53,0.149,8.85,True
2026-08-10,BGW-006,17.34,0.149,20.38,True
2026-08-11,BGW-006,18.26,0.149,21.46,True
2026-08-12,BGW-006,21.93,0.149,25.77,True
2026-08-13,BGW-006,10.45,0.149,12.28,True
2026-08-14,BGW-006,8.96,0.149,10.53,True
2026-08-15,BGW-006,5.41,0.149,6.36,True
2026-08-16,BGW-006,22.33,0.149,26.24,True
2026-08-17,BGW-006,22.42,0.149,26.34,True
2026-08-18,BGW-006,10.74,0.149,12.62,True
2026-08-19,BGW-006,5.22,0.149,6.13,True
2026-08-20,BGW-006,15.12,0.149,17.77,True
2026-08-21,BGW-006,9.82,0.149,11.54,True
2026-08-22,BGW-006,10.87,0.149,12.77,True
2026-08-23,BGW-006,21.33,0.149,25.07,True
2026-08-24,BGW-006,5.78,0.149,6.79,True
2026-08-25,BGW-006,20.0,0.149,23.5,True
2026-08-26,BGW-006,19.21,0.149,22.57,True
2026-07-28,BGW-007,3.4,0.238,4.47,True
2026-07-29,BGW-007,5.68,0.238,7.46,True
2026-07-30,BGW-007,7.29,0.238,9.57,True
2026-07-31,BGW-007,3.57,0.238,4.68,True
2026-08-01,BGW-007,3.83,0.238,5.03,True
2026-08-02,BGW-007,7.66,0.238,10.06,True
2026-08-03,BGW-007,4.2,0.238,5.51,True
2026-08-04,BGW-007,7.84,0.238,10.28,True
2026-08-05,BGW-007,9.25,0.238,12.14,True
2026-08-06,BGW-007,2.99,0.238,3.93,True
2026-08-07,BGW-007,9.13,0.238,11.98,True
2026-08-08,BGW-007,8.98,0.238,11.78,True
2026-08-09,BGW-007,12.53,0.238,16.44,True
2026-08-10,BGW-007,12.51,0.238,16.42,True
2026-08-11,BGW-007,5.4,0.238,7.09,True
2026-08-12,BGW-007,8.92,0.238,11.71,True
2026-08-13,BGW-007,10.44,0.238,13.7,True
2026-08-14,BGW-007,8.94,0.238,11.74,True
2026-08-15,BGW-007,10.11,0.238,13.26,True
2026-08-16,BGW-007,4.35,0.238,5.71,True
2026-08-17,BGW-007,11.14,0.238,14.62,True
2026-08-18,BGW-007,12.71,0.238,16.68,True
2026-08-19,BGW-007,13.01,0.238,17.07,True
2026-08-20,BGW-007,12.17,0.238,15.97,True
2026-08-21,BGW-007,5.81,0.238,7.62,True
2026-08-22,BGW-007,10.04,0.238,13.18,True
2026-08-23,BGW-007,4.52,0.238,5.93,True
2026-08-24,BGW-007,4.21,0.238,5.53,True
2026-08-25,BGW-007,3.63,0.238,4.77,True
2026-08-26,BGW-007,5.44,0.238,7.14,True
2026-07-28,BGW-008,22.17,0.267,30.25,True
2026-07-29,BGW-008,14.44,0.267,19.71,True
2026-07-30,BGW-008,16.6,0.267,22.65,True
2026-07-31,BGW-008,12.58,0.267,17.17,True
2026-08-01,BGW-008,9.47,0.267,12.92,True
2026-08-02,BGW-008,21.54,0.267,29.38,True
2026-08-03,BGW-008,11.82,0.267,16.13,True
2026-08-04,BGW-008,21.36,0.267,29.14,True
2026-08-05,BGW-008,25.0,0.267,34.11,True
2026-08-06,BGW-008,25.0,0.267,34.11,True
2026-08-07,BGW-008,21.38,0.267,29.16,True
2026-08-08,BGW-008,14.05,0.267,19.17,True
2026-08-09,BGW-008,25.0,0.267,34.11,True
2026-08-10,BGW-008,12.05,0.267,16.44,True
2026-08-11,BGW-008,12.32,0.267,16.8,True
2026-08-12,BGW-008,9.69,0.267,13.22,True
2026-08-13,BGW-008,12.82,0.267,17.49,True
2026-08-14,BGW-008,14.01,0.267,19.11,True
2026-08-15,BGW-008,14.27,0.267,19.47,True
2026-08-16,BGW-008,24.81,0.267,33.84,True
2026-08-17,BGW-008,9.57,0.267,13.05,True
2026-08-18,BGW-008,24.88,0.267,33.94,True
2026-08-19,BGW-008,11.42,0.267,15.58,True
2026-08-20,BGW-008,19.63,0.267,26.78,True
2026-08-21,BGW-008,10.14,0.267,13.83,True
2026-08-22,BGW-008,9.51,0.267,12.98,True
2026-08-23,BGW-008,8.67,0.267,11.83,True
2026-08-24,BGW-008,18.25,0.267,24.9,True
2026-08-25,BGW-008,15.19,0.267,20.72,True
2026-08-26,BGW-008,25.0,0.267,34.11,True
2026-07-28,BGW-009,5.48,0.172,6.62,True
2026-07-29,BGW-009,13.38,0.172,16.16,True
2026-07-30,BGW-009,7.66,0.172,9.25,True
2026-07-31,BGW-009,7.22,0.172,8.72,True
2026-08-01,BGW-009,9.07,0.172,10.96,True
2026-08-02,BGW-009,20.21,0.172,24.41,True
2026-08-03,BGW-009,20.56,0.172,24.83,True
2026-08-04,BGW-009,9.62,0.172,11.62,True
2026-08-05,BGW-009,17.22,0.172,20.8,True
2026-08-06,BGW-009,22.22,0.172,26.83,True
2026-08-07,BGW-009,13.79,0.172,16.66,True
2026-08-08,BGW-009,5.58,0.172,6.73,True
2026-08-09,BGW-009,15.7,0.172,18.96,True
2026-08-10,BGW-009,7.78,0.172,9.39,True
2026-08-11,BGW-009,8.48,0.172,10.24,True
2026-08-12,BGW-009,22.08,0.172,26.67,True
2026-08-13,BGW-009,9.66,0.172,11.67,True
2026-08-14,BGW-009,21.99,0.172,26.56,True
2026-08-15,BGW-009,11.11,0.172,13.42,True
2026-08-16,BGW-009,18.68,0.172,22.56,True
2026-08-17,BGW-009,9.8,0.172,11.83,True
2026-08-18,BGW-009,12.76,0.172,15.41,True
2026-08-19,BGW-009,6.35,0.172,7.67,True
2026-08-20,BGW-009,21.31,0.172,25.73,True
2026-08-21,BGW-009,20.21,0.172,24.41,True
2026-08-22,BGW-009,16.92,0.172,20.43,True
2026-08-23,BGW-009,20.84,0.172,25.16,True
2026-08-24,BGW-009,8.91,0.172,10.76,True
2026-08-25,BGW-009,15.11,0.172,18.24,True
2026-08-26,BGW-009,5.35,0.172,6.46,True
2026-07-28,BGW-011,2.65,0.191,3.28,True
2026-07-29,BGW-011,8.67,0.191,10.72,True
2026-07-30,BGW-011,4.12,0.191,5.09,True
2026-07-31,BGW-011,6.84,0.191,8.45,True
2026-08-01,BGW-011,5.65,0.191,6.98,True
2026-08-02,BGW-011,6.31,0.191,7.8,True
2026-08-03,BGW-011,8.85,0.191,10.94,True
2026-08-04,BGW-011,3.39,0.191,4.19,True
2026-08-05,BGW-011,5.39,0.191,6.66,True
2026-08-06,BGW-011,8.2,0.191,10.14,True
2026-08-07,BGW-011,6.39,0.191,7.9,True
2026-08-08,BGW-011,8.62,0.191,10.66,True
2026-08-09,BGW-011,7.63,0.191,9.43,True
2026-08-10,BGW-011,7.42,0.191,9.18,True
2026-08-11,BGW-011,5.07,0.191,6.27,True
2026-08-12,BGW-011,3.08,0.191,3.81,True
2026-08-13,BGW-011,3.97,0.191,4.9,True
2026-08-14,BGW-011,4.88,0.191,6.03,True
2026-08-15,BGW-011,5.57,0.191,6.88,True
2026-08-16,BGW-011,7.64,0.191,9.45,True
2026-08-17,BGW-011,2.24,0.191,2.76,True
2026-08-18,BGW-011,7.46,0.191,9.22,True
2026-08-19,BGW-011,6.78,0.191,8.38,True
2026-08-20,BGW-011,4.63,0.191,5.72,True
2026-08-21,BGW-011,5.61,0.191,6.93,True
2026-08-22,BGW-011,2.9,0.191,3.58,True
2026-08-23,BGW-011,8.37,0.191,10.35,True
2026-08-24,BGW-011,3.51,0.191,4.34,True
2026-08-25,BGW-011,3.06,0.191,3.78,True
2026-08-26,BGW-011,5.5,0.191,6.79,True
2026-07-28,BGW-012,7.81,0.179,9.52,True
2026-07-29,BGW-012,4.21,0.179,5.13,True
2026-07-30,BGW-012,5.63,0.179,6.85,True
2026-07-31,BGW-012,8.78,0.179,10.69,True
2026-08-01,BGW-012,7.18,0.179,8.75,True
2026-08-02,BGW-012,11.03,0.179,13.43,True
2026-08-03,BGW-012,5.3,0.179,6.46,True
2026-08-04,BGW-012,7.93,0.179,9.66,True
2026-08-05,BGW-012,8.62,0.179,10.49,True
2026-08-06,BGW-012,5.32,0.179,6.48,True
2026-08-07,BGW-012,4.71,0.179,5.74,True
2026-08-08,BGW-012,4.0,0.179,4.87,True
2026-08-09,BGW-012,9.36,0.179,11.41,True
2026-08-10,BGW-012,4.14,0.179,5.04,True
2026-08-11,BGW-012,7.21,0.179,8.78,True
2026-08-12,BGW-012,7.2,0.179,8.77,True
2026-08-13,BGW-012,8.43,0.179,10.27,True
2026-08-14,BGW-012,4.39,0.179,5.35,True
2026-08-15,BGW-012,2.73,0.179,3.33,True
2026-08-16,BGW-012,8.04,0.179,9.79,True
2026-08-17,BGW-012,6.65,0.179,8.1,True
2026-08-18,BGW-012,3.69,0.179,4.5,True
2026-08-19,BGW-012,4.91,0.179,5.97,True
2026-08-20,BGW-012,5.53,0.179,6.73,True
2026-08-21,BGW-012,2.75,0.179,3.35,True
2026-08-22,BGW-012,5.18,0.179,6.3,True
2026-08-23,BGW-012,8.71,0.179,10.61,True
2026-08-24,BGW-012,2.99,0.179,3.64,True
2026-08-25,BGW-012,4.85,0.179,5.9,True
2026-08-26,BGW-012,10.94,0.179,13.33,True
2026-07-28,BGW-014,24.23,0.103,27.02,True
2026-07-29,BGW-014,24.93,0.103,27.79,True
2026-07-30,BGW-014,13.8,0.103,15.38,True
2026-07-31,BGW-014,11.39,0.103,12.7,True
2026-08-01,BGW-014,25.0,0.103,27.87,True
2026-08-02,BGW-014,11.59,0.103,12.92,True
2026-08-03,BGW-014,17.66,0.103,19.69,True
2026-08-04,BGW-014,25.0,0.103,27.87,True
2026-08-05,BGW-014,16.67,0.103,18.59,True
2026-08-06,BGW-014,14.31,0.103,15.95,True
2026-08-07,BGW-014,16.29,0.103,18.16,True
2026-08-08,BGW-014,13.81,0.103,15.39,True
2026-08-09,BGW-014,7.11,0.103,7.92,True
2026-08-10,BGW-014,25.0,0.103,27.87,True
2026-08-11,BGW-014,15.07,0.103,16.8,True
2026-08-12,BGW-014,17.01,0.103,18.97,True
2026-08-13,BGW-014,11.19,0.103,12.47,True
2026-08-14,BGW-014,12.24,0.103,13.64,True
2026-08-15,BGW-014,13.02,0.103,14.52,True
2026-08-16,BGW-014,14.73,0.103,16.42,True
2026-08-17,BGW-014,7.1,0.103,7.91,True
2026-08-18,BGW-014,22.35,0.103,24.92,True
2026-08-19,BGW-014,15.9,0.103,17.73,True
2026-08-20,BGW-014,10.66,0.103,11.89,True
2026-08-21,BGW-014,25.0,0.103,27.87,True
2026-08-22,BGW-014,25.0,0.103,27.87,True
2026-08-23,BGW-014,15.74,0.103,17.54,True
2026-08-24,BGW-014,6.67,0.103,7.44,True
2026-08-25,BGW-014,21.29,0.103,23.73,True
2026-08-26,BGW-014,18.93,0.103,21.11,True
2026-07-28,BGW-016,15.14,0.1,16.82,True
2026-07-29,BGW-016,10.53,0.1,11.71,True
2026-07-30,BGW-016,19.41,0.1,21.56,True
2026-07-31,BGW-016,13.77,0.1,15.3,True
2026-08-01,BGW-016,12.04,0.1,13.38,True
2026-08-02,BGW-016,8.27,0.1,9.19,True
2026-08-03,BGW-016,22.29,0.1,24.77,True
2026-08-04,BGW-016,21.08,0.1,23.43,True
2026-08-05,BGW-016,20.43,0.1,22.69,True
2026-08-06,BGW-016,22.3,0.1,24.78,True
2026-08-07,BGW-016,17.85,0.1,19.83,True
2026-08-08,BGW-016,16.74,0.1,18.6,True
2026-08-09,BGW-016,13.26,0.1,14.73,True
2026-08-10,BGW-016,17.81,0.1,19.79,True
2026-08-11,BGW-016,15.33,0.1,17.03,True
2026-08-12,BGW-016,24.94,0.1,27.71,True
2026-08-13,BGW-016,8.21,0.1,9.12,True
2026-08-14,BGW-016,22.33,0.1,24.81,True
2026-08-15,BGW-016,15.9,0.1,17.67,True
2026-08-16,BGW-016,24.92,0.1,27.69,True
2026-08-17,BGW-016,25.0,0.1,27.78,True
2026-08-18,BGW-016,11.96,0.1,13.29,True
2026-08-19,BGW-016,10.95,0.1,12.16,True
2026-08-20,BGW-016,7.52,0.1,8.35,True
2026-08-21,BGW-016,19.92,0.1,22.13,True
2026-08-22,BGW-016,7.64,0.1,8.49,True
2026-08-23,BGW-016,13.8,0.1,15.34,True
2026-08-24,BGW-016,12.93,0.1,14.37,True
2026-08-25,BGW-016,25.0,0.1,27.78,True
2026-08-26,BGW-016,12.7,0.1,14.11,True
2026-07-28,BGW-017,23.28,0.245,30.84,True
2026-07-29,BGW-017,14.02,0.245,18.57,True
2026-07-30,BGW-017,23.49,0.245,31.11,True
2026-07-31,BGW-017,22.01,0.245,29.15,True
2026-08-01,BGW-017,9.92,0.245,13.14,True
2026-08-02,BGW-017,15.8,0.245,20.92,True
2026-08-03,BGW-017,20.57,0.245,27.24,True
2026-08-04,BGW-017,17.07,0.245,22.61,True
2026-08-05,BGW-017,20.41,0.245,27.04,True
2026-08-06,BGW-017,22.58,0.245,29.91,True
2026-08-07,BGW-017,25.0,0.245,33.11,True
2026-08-08,BGW-017,9.88,0.245,13.09,True
2026-08-09,BGW-017,13.86,0.245,18.36,True
2026-08-10,BGW-017,13.18,0.245,17.46,True
2026-08-11,BGW-017,25.0,0.245,33.11,True
2026-08-12,BGW-017,14.09,0.245,18.67,True
2026-08-13,BGW-017,25.0,0.245,33.11,True
2026-08-14,BGW-017,20.87,0.245,27.64,True
2026-08-15,BGW-017,8.35,0.245,11.06,True
2026-08-16,BGW-017,15.35,0.245,20.33,True
2026-08-17,BGW-017,25.0,0.245,33.11,True
2026-08-18,BGW-017,7.01,0.245,9.28,True
2026-08-19,BGW-017,25.0,0.245,33.11,True
2026-08-20,BGW-017,8.12,0.245,10.76,True
2026-08-21,BGW-017,25.0,0.245,33.11,True
2026-08-22,BGW-017,25.0,0.245,33.11,True
2026-08-23,BGW-017,18.65,0.245,24.71,True
2026-08-24,BGW-017,17.17,0.245,22.74,True
2026-08-25,BGW-017,13.44,0.245,17.8,True
2026-08-26,BGW-017,25.0,0.245,33.11,True
2026-07-28,BGW-018,6.63,0.085,7.25,True
2026-07-29,BGW-018,4.44,0.085,4.85,True
2026-07-30,BGW-018,11.27,0.085,12.32,True
2026-07-31,BGW-018,9.97,0.085,10.89,True
2026-08-01,BGW-018,7.47,0.085,8.16,True
2026-08-02,BGW-018,10.51,0.085,11.48,True
2026-08-03,BGW-018,13.95,0.085,15.24,True
2026-08-04,BGW-018,14.8,0.085,16.17,True
2026-08-05,BGW-018,7.82,0.085,8.55,True
2026-08-06,BGW-018,7.89,0.085,8.62,True
2026-08-07,BGW-018,13.53,0.085,14.79,True
2026-08-08,BGW-018,5.91,0.085,6.46,True
2026-08-09,BGW-018,7.67,0.085,8.38,True
2026-08-10,BGW-018,14.86,0.085,16.24,True
2026-08-11,BGW-018,6.66,0.085,7.28,True
2026-08-12,BGW-018,11.27,0.085,12.32,True
2026-08-13,BGW-018,4.32,0.085,4.72,True
2026-08-14,BGW-018,8.4,0.085,9.18,True
2026-08-15,BGW-018,3.65,0.085,3.98,True
2026-08-16,BGW-018,11.75,0.085,12.84,True
2026-08-17,BGW-018,6.07,0.085,6.63,True
2026-08-18,BGW-018,5.73,0.085,6.26,True
2026-08-19,BGW-018,5.14,0.085,5.62,True
2026-08-20,BGW-018,7.28,0.085,7.96,True
2026-08-21,BGW-018,8.09,0.085,8.84,True
2026-08-22,BGW-018,10.38,0.085,11.34,True
2026-08-23,BGW-018,6.77,0.085,7.4,True
2026-08-24,BGW-018,5.95,0.085,6.5,True
2026-08-25,BGW-018,7.7,0.085,8.42,True
2026-08-26,BGW-018,8.97,0.085,9.81,True
2026-07-28,BGW-019,25.0,0.247,33.2,True
2026-07-29,BGW-019,8.76,0.247,11.63,True
2026-07-30,BGW-019,25.0,0.247,33.2,True
2026-07-31,BGW-019,25.0,0.247,33.2,True
2026-08-01,BGW-019,25.0,0.247,33.2,True
2026-08-02,BGW-019,11.54,0.247,15.33,True
2026-08-03,BGW-019,18.19,0.247,24.15,True
2026-08-04,BGW-019,11.98,0.247,15.9,True
2026-08-05,BGW-019,25.0,0.247,33.2,True
2026-08-06,BGW-019,18.85,0.247,25.03,True
2026-08-07,BGW-019,10.0,0.247,13.28,True
2026-08-08,BGW-019,22.11,0.247,29.37,True
2026-08-09,BGW-019,19.24,0.247,25.55,True
2026-08-10,BGW-019,25.0,0.247,33.2,True
2026-08-11,BGW-019,8.0,0.247,10.63,True
2026-08-12,BGW-019,7.72,0.247,10.25,True
2026-08-13,BGW-019,13.67,0.247,18.15,True
2026-08-14,BGW-019,25.0,0.247,33.2,True
2026-08-15,BGW-019,25.0,0.247,33.2,True
2026-08-16,BGW-019,11.56,0.247,15.35,True
2026-08-17,BGW-019,21.91,0.247,29.1,True
2026-08-18,BGW-019,16.95,0.247,22.52,True
2026-08-19,BGW-019,9.67,0.247,12.85,True
2026-08-20,BGW-019,19.46,0.247,25.84,True
2026-08-21,BGW-019,25.0,0.247,33.2,True
2026-08-22,BGW-019,7.79,0.247,10.34,True
2026-08-23,BGW-019,17.34,0.247,23.02,True
2026-08-24,BGW-019,22.51,0.247,29.9,True
2026-08-25,BGW-019,25.0,0.247,33.2,True
2026-08-26,BGW-019,19.37,0.247,25.72,True
2026-07-28,BGW-021,13.63,0.095,15.07,True
2026-07-29,BGW-021,9.74,0.095,10.76,True
2026-07-30,BGW-021,7.25,0.095,8.01,True
2026-07-31,BGW-021,12.97,0.095,14.33,True
2026-08-01,BGW-021,12.09,0.095,13.36,True
2026-08-02,BGW-021,13.45,0.095,14.87,True
2026-08-03,BGW-021,7.73,0.095,8.54,True
2026-08-04,BGW-021,13.72,0.095,15.16,True
2026-08-05,BGW-021,8.02,0.095,8.86,True
2026-08-06,BGW-021,7.69,0.095,8.5,True
2026-08-07,BGW-021,9.48,0.095,10.47,True
2026-08-08,BGW-021,5.23,0.095,5.78,True
2026-08-09,BGW-021,7.34,0.095,8.11,True
2026-08-10,BGW-021,6.34,0.095,7.01,True
2026-08-11,BGW-021,3.81,0.095,4.21,True
2026-08-12,BGW-021,10.74,0.095,11.86,True
2026-08-13,BGW-021,3.82,0.095,4.22,True
2026-08-14,BGW-021,4.11,0.095,4.54,True
2026-08-15,BGW-021,5.14,0.095,5.68,True
2026-08-16,BGW-021,13.18,0.095,14.56,True
2026-08-17,BGW-021,12.57,0.095,13.89,True
2026-08-18,BGW-021,10.75,0.095,11.88,True
2026-08-19,BGW-021,3.29,0.095,3.63,True
2026-08-20,BGW-021,9.04,0.095,9.99,True
2026-08-21,BGW-021,11.59,0.095,12.81,True
2026-08-22,BGW-021,10.17,0.095,11.23,True
2026-08-23,BGW-021,3.69,0.095,4.08,True
2026-08-24,BGW-021,6.26,0.095,6.91,True
2026-08-25,BGW-021,6.19,0.095,6.84,True
2026-08-26,BGW-021,9.23,0.095,10.19,True
2026-07-28,BGW-022,16.31,0.146,19.09,True
2026-07-29,BGW-022,15.2,0.146,17.8,True
2026-07-30,BGW-022,17.14,0.146,20.07,True
2026-07-31,BGW-022,13.94,0.146,16.33,True
2026-08-01,BGW-022,23.57,0.146,27.6,True
2026-08-02,BGW-022,23.65,0.146,27.69,True
2026-08-03,BGW-022,8.96,0.146,10.49,True
2026-08-04,BGW-022,16.05,0.146,18.79,True
2026-08-05,BGW-022,19.18,0.146,22.46,True
2026-08-06,BGW-022,25.0,0.146,29.27,True
2026-08-07,BGW-022,21.58,0.146,25.27,True
2026-08-08,BGW-022,25.0,0.146,29.27,True
2026-08-09,BGW-022,17.46,0.146,20.44,True
2026-08-10,BGW-022,22.71,0.146,26.59,True
2026-08-11,BGW-022,22.46,0.146,26.3,True
2026-08-12,BGW-022,25.0,0.146,29.27,True
2026-08-13,BGW-022,19.02,0.146,22.28,True
2026-08-14,BGW-022,18.48,0.146,21.64,True
2026-08-15,BGW-022,24.19,0.146,28.33,True
2026-08-16,BGW-022,22.27,0.146,26.08,True
2026-08-17,BGW-022,25.0,0.146,29.27,True
2026-08-18,BGW-022,25.0,0.146,29.27,True
2026-08-19,BGW-022,19.87,0.146,23.26,True
2026-08-20,BGW-022,17.02,0.146,19.93,True
2026-08-21,BGW-022,21.52,0.146,25.19,True
2026-08-22,BGW-022,15.28,0.146,17.89,True
2026-08-23,BGW-022,25.0,0.146,29.27,True
2026-08-24,BGW-022,15.73,0.146,18.42,True
2026-08-25,BGW-022,25.0,0.146,29.27,True
2026-08-26,BGW-022,25.0,0.146,29.27,True
2026-07-28,BGW-025,9.51,0.126,10.89,True
2026-07-29,BGW-025,8.25,0.126,9.44,True
2026-07-30,BGW-025,8.7,0.126,9.95,True
2026-07-31,BGW-025,8.97,0.126,10.26,True
2026-08-01,BGW-025,5.08,0.126,5.81,True
2026-08-02,BGW-025,11.58,0.126,13.25,True
2026-08-03,BGW-025,8.4,0.126,9.61,True
2026-08-04,BGW-025,11.07,0.126,12.66,True
2026-08-05,BGW-025,6.56,0.126,7.5,True
2026-08-06,BGW-025,4.55,0.126,5.2,True
2026-08-07,BGW-025,3.51,0.126,4.01,True
2026-08-08,BGW-025,9.47,0.126,10.83,True
2026-08-09,BGW-025,9.34,0.126,10.69,True
2026-08-10,BGW-025,4.29,0.126,4.91,True
2026-08-11,BGW-025,11.27,0.126,12.89,True
2026-08-12,BGW-025,6.0,0.126,6.87,True
2026-08-13,BGW-025,7.09,0.126,8.12,True
2026-08-14,BGW-025,11.07,0.126,12.67,True
2026-08-15,BGW-025,12.86,0.126,14.71,True
2026-08-16,BGW-025,3.15,0.126,3.6,True
2026-08-17,BGW-025,6.87,0.126,7.86,True
2026-08-18,BGW-025,12.24,0.126,14.0,True
2026-08-19,BGW-025,4.78,0.126,5.47,True
2026-08-20,BGW-025,8.67,0.126,9.92,True
2026-08-21,BGW-025,9.59,0.126,10.97,True
2026-08-22,BGW-025,6.88,0.126,7.87,True
2026-08-23,BGW-025,11.47,0.126,13.13,True
2026-08-24,BGW-025,10.19,0.126,11.66,True
2026-08-25,BGW-025,11.22,0.126,12.84,True
2026-08-26,BGW-025,6.11,0.126,6.99,True
2026-07-28,BGW-026,18.04,0.101,20.07,True
2026-07-29,BGW-026,18.84,0.101,20.96,True
2026-07-30,BGW-026,8.7,0.101,9.68,True
2026-07-31,BGW-026,12.93,0.101,14.39,True
2026-08-01,BGW-026,9.86,0.101,10.97,True
2026-08-02,BGW-026,8.33,0.101,9.26,True
2026-08-03,BGW-026,22.87,0.101,25.43,True
2026-08-04,BGW-026,23.21,0.101,25.82,True
2026-08-05,BGW-026,13.88,0.101,15.44,True
2026-08-06,BGW-026,8.94,0.101,9.95,True
2026-08-07,BGW-026,22.95,0.101,25.53,True
2026-08-08,BGW-026,19.84,0.101,22.07,True
2026-08-09,BGW-026,25.0,0.101,27.81,True
2026-08-10,BGW-026,13.96,0.101,15.52,True
2026-08-11,BGW-026,25.0,0.101,27.81,True
2026-08-12,BGW-026,25.0,0.101,27.81,True
2026-08-13,BGW-026,24.72,0.101,27.49,True
2026-08-14,BGW-026,7.03,0.101,7.82,True
2026-08-15,BGW-026,14.62,0.101,16.26,True
2026-08-16,BGW-026,25.0,0.101,27.81,True
2026-08-17,BGW-026,14.14,0.101,15.73,True
2026-08-18,BGW-026,24.95,0.101,27.76,True
2026-08-19,BGW-026,13.52,0.101,15.03,True
2026-08-20,BGW-026,19.7,0.101,21.91,True
2026-08-21,BGW-026,23.92,0.101,26.6,True
2026-08-22,BGW-026,11.5,0.101,12.79,True
2026-08-23,BGW-026,13.93,0.101,15.49,True
2026-08-24,BGW-026,7.02,0.101,7.81,True
2026-08-25,BGW-026,8.71,0.101,9.69,True
2026-08-26,BGW-026,13.41,0.101,14.91,True
2026-07-28,BGW-028,11.93,0.231,15.51,True
2026-07-29,BGW-028,13.52,0.231,17.58,True
2026-07-30,BGW-028,6.32,0.231,8.22,True
2026-07-31,BGW-028,11.73,0.231,15.26,True
2026-08-01,BGW-028,18.16,0.231,23.62,True
2026-08-02,BGW-028,17.92,0.231,23.3,True
2026-08-03,BGW-028,11.78,0.231,15.32,True
2026-08-04,BGW-028,19.31,0.231,25.11,True
2026-08-05,BGW-028,5.19,0.231,6.75,True
2026-08-06,BGW-028,8.37,0.231,10.89,True
2026-08-07,BGW-028,7.64,0.231,9.93,True
2026-08-08,BGW-028,9.1,0.231,11.83,True
2026-08-09,BGW-028,20.08,0.231,26.12,True
2026-08-10,BGW-028,14.73,0.231,19.16,True
2026-08-11,BGW-028,11.37,0.231,14.79,True
2026-08-12,BGW-028,7.58,0.231,9.86,True
2026-08-13,BGW-028,4.79,0.231,6.23,True
2026-08-14,BGW-028,5.07,0.231,6.59,True
2026-08-15,BGW-028,10.13,0.231,13.18,True
2026-08-16,BGW-028,16.21,0.231,21.08,True
2026-08-17,BGW-028,18.11,0.231,23.54,True
2026-08-18,BGW-028,9.95,0.231,12.94,True
2026-08-19,BGW-028,11.25,0.231,14.63,True
2026-08-20,BGW-028,8.83,0.231,11.48,True
2026-08-21,BGW-028,8.47,0.231,11.02,True
2026-08-22,BGW-028,17.78,0.231,23.12,True
2026-08-23,BGW-028,11.17,0.231,14.53,True
2026-08-24,BGW-028,9.4,0.231,12.22,True
2026-08-25,BGW-028,17.8,0.231,23.15,True
2026-08-26,BGW-028,11.82,0.231,15.38,True
2026-07-28,BGW-029,13.54,0.168,16.28,True
2026-07-29,BGW-029,17.28,0.168,20.77,True
2026-07-30,BGW-029,12.17,0.168,14.63,True
2026-07-31,BGW-029,16.79,0.168,20.18,True
2026-08-01,BGW-029,6.29,0.168,7.55,True
2026-08-02,BGW-029,14.33,0.168,17.22,True
2026-08-03,BGW-029,8.39,0.168,10.08,True
2026-08-04,BGW-029,15.93,0.168,19.14,True
2026-08-05,BGW-029,6.31,0.168,7.59,True
2026-08-06,BGW-029,21.05,0.168,25.3,True
2026-08-07,BGW-029,8.06,0.168,9.69,True
2026-08-08,BGW-029,8.45,0.168,10.16,True
2026-08-09,BGW-029,17.71,0.168,21.29,True
2026-08-10,BGW-029,13.92,0.168,16.72,True
2026-08-11,BGW-029,16.26,0.168,19.55,True
2026-08-12,BGW-029,10.58,0.168,12.71,True
2026-08-13,BGW-029,8.14,0.168,9.79,True
2026-08-14,BGW-029,6.86,0.168,8.24,True
2026-08-15,BGW-029,20.68,0.168,24.86,True
2026-08-16,BGW-029,15.5,0.168,18.63,True
2026-08-17,BGW-029,6.97,0.168,8.38,True
2026-08-18,BGW-029,15.36,0.168,18.46,True
2026-08-19,BGW-029,17.44,0.168,20.96,True
2026-08-20,BGW-029,12.46,0.168,14.98,True
2026-08-21,BGW-029,8.91,0.168,10.71,True
2026-08-22,BGW-029,10.43,0.168,12.53,True
2026-08-23,BGW-029,17.73,0.168,21.31,True
2026-08-24,BGW-029,19.12,0.168,22.98,True
2026-08-25,BGW-029,17.12,0.168,20.58,True
2026-08-26,BGW-029,10.44,0.168,12.54,True
2026-07-28,BGW-030,22.16,0.223,28.51,True
2026-07-29,BGW-030,18.77,0.223,24.16,True
2026-07-30,BGW-030,10.46,0.223,13.46,True
2026-07-31,BGW-030,8.1,0.223,10.42,True
2026-08-01,BGW-030,21.53,0.223,27.71,True
2026-08-02,BGW-030,15.52,0.223,19.97,True
2026-08-03,BGW-030,14.15,0.223,18.22,True
2026-08-04,BGW-030,15.19,0.223,19.55,True
2026-08-05,BGW-030,8.0,0.223,10.29,True
2026-08-06,BGW-030,21.86,0.223,28.13,True
2026-08-07,BGW-030,8.81,0.223,11.34,True
2026-08-08,BGW-030,12.8,0.223,16.47,True
2026-08-09,BGW-030,21.17,0.223,27.24,True
2026-08-10,BGW-030,14.84,0.223,19.1,True
2026-08-11,BGW-030,21.66,0.223,27.88,True
2026-08-12,BGW-030,9.03,0.223,11.62,True
2026-08-13,BGW-030,17.9,0.223,23.04,True
2026-08-14,BGW-030,15.48,0.223,19.93,True
2026-08-15,BGW-030,9.62,0.223,12.38,True
2026-08-16,BGW-030,21.57,0.223,27.76,True
2026-08-17,BGW-030,7.69,0.223,9.9,True
2026-08-18,BGW-030,10.96,0.223,14.1,True
2026-08-19,BGW-030,12.65,0.223,16.27,True
2026-08-20,BGW-030,16.31,0.223,20.99,True
2026-08-21,BGW-030,23.18,0.223,29.83,True
2026-08-22,BGW-030,9.66,0.223,12.43,True
2026-08-23,BGW-030,20.18,0.223,25.97,True
2026-08-24,BGW-030,8.98,0.223,11.56,True
2026-08-25,BGW-030,8.51,0.223,10.95,True
2026-08-26,BGW-030,8.21,0.223,10.56,True
2026-07-28,BGW-031,17.21,0.132,19.83,True
2026-07-29,BGW-031,4.96,0.132,5.71,True
2026-07-30,BGW-031,12.03,0.132,13.86,True
2026-07-31,BGW-031,11.95,0.132,13.77,True
2026-08-01,BGW-031,14.47,0.132,16.67,True
2026-08-02,BGW-031,8.77,0.132,10.1,True
2026-08-03,BGW-031,14.41,0.132,16.6,True
2026-08-04,BGW-031,11.19,0.132,12.89,True
2026-08-05,BGW-031,15.9,0.132,18.32,True
2026-08-06,BGW-031,17.56,0.132,20.23,True
2026-08-07,BGW-031,12.52,0.132,14.42,True
2026-08-08,BGW-031,16.49,0.132,19.0,True
2026-08-09,BGW-031,18.72,0.132,21.57,True
2026-08-10,BGW-031,19.03,0.132,21.92,True
2026-08-11,BGW-031,17.98,0.132,20.71,True
2026-08-12,BGW-031,10.98,0.132,12.65,True
2026-08-13,BGW-031,11.83,0.132,13.63,True
2026-08-14,BGW-031,13.25,0.132,15.27,True
2026-08-15,BGW-031,19.06,0.132,21.96,True
2026-08-16,BGW-031,14.86,0.132,17.13,True
2026-08-17,BGW-031,10.7,0.132,12.33,True
2026-08-18,BGW-031,18.58,0.132,21.41,True
2026-08-19,BGW-031,18.95,0.132,21.83,True
2026-08-20,BGW-031,15.37,0.132,17.71,True
2026-08-21,BGW-031,8.4,0.132,9.68,True
2026-08-22,BGW-031,15.39,0.132,17.73,True
2026-08-23,BGW-031,9.62,0.132,11.09,True
2026-08-24,BGW-031,12.33,0.132,14.2,True
2026-08-25,BGW-031,13.49,0.132,15.54,True
2026-08-26,BGW-031,16.79,0.132,19.34,True
2026-07-28,BGW-032,10.23,0.261,13.84,True
2026-07-29,BGW-032,17.91,0.261,24.24,True
2026-07-30,BGW-032,14.44,0.261,19.54,True
2026-07-31,BGW-032,17.95,0.261,24.3,True
2026-08-01,BGW-032,16.38,0.261,22.16,True
2026-08-02,BGW-032,17.72,0.261,23.98,True
2026-08-03,BGW-032,21.95,0.261,29.7,True
2026-08-04,BGW-032,12.81,0.261,17.34,True
2026-08-05,BGW-032,20.37,0.261,27.57,True
2026-08-06,BGW-032,9.3,0.261,12.59,True
2026-08-07,BGW-032,10.31,0.261,13.95,True
2026-08-08,BGW-032,13.81,0.261,18.69,True
2026-08-09,BGW-032,22.27,0.261,30.14,True
2026-08-10,BGW-032,21.05,0.261,28.49,True
2026-08-11,BGW-032,15.66,0.261,21.19,True
2026-08-12,BGW-032,20.59,0.261,27.87,True
2026-08-13,BGW-032,21.57,0.261,29.18,True
2026-08-14,BGW-032,6.13,0.261,8.3,True
2026-08-15,BGW-032,18.61,0.261,25.18,True
2026-08-16,BGW-032,16.67,0.261,22.55,True
2026-08-17,BGW-032,13.84,0.261,18.73,True
2026-08-18,BGW-032,9.5,0.261,12.85,True
2026-08-19,BGW-032,6.82,0.261,9.22,True
2026-08-20,BGW-032,6.21,0.261,8.41,True
2026-08-21,BGW-032,16.65,0.261,22.53,True
2026-08-22,BGW-032,20.29,0.261,27.45,True
2026-08-23,BGW-032,9.7,0.261,13.13,True
2026-08-24,BGW-032,17.34,0.261,23.47,True
2026-08-25,BGW-032,13.35,0.261,18.07,True
2026-08-26,BGW-032,15.73,0.261,21.28,True
2026-07-28,BGW-034,8.97,0.126,10.27,True
2026-07-29,BGW-034,11.49,0.126,13.14,True
2026-07-30,BGW-034,13.07,0.126,14.95,True
2026-07-31,BGW-034,9.97,0.126,11.41,True
2026-08-01,BGW-034,11.12,0.126,12.72,True
2026-08-02,BGW-034,4.5,0.126,5.14,True
2026-08-03,BGW-034,11.02,0.126,12.61,True
2026-08-04,BGW-034,13.36,0.126,15.29,True
2026-08-05,BGW-034,7.8,0.126,8.92,True
2026-08-06,BGW-034,7.65,0.126,8.75,True
2026-08-07,BGW-034,10.41,0.126,11.91,True
2026-08-08,BGW-034,4.1,0.126,4.69,True
2026-08-09,BGW-034,4.29,0.126,4.9,True
2026-08-10,BGW-034,6.69,0.126,7.65,True
2026-08-11,BGW-034,13.24,0.126,15.15,True
2026-08-12,BGW-034,9.99,0.126,11.43,True
2026-08-13,BGW-034,10.11,0.126,11.57,True
2026-08-14,BGW-034,3.61,0.126,4.13,True
2026-08-15,BGW-034,3.87,0.126,4.43,True
2026-08-16,BGW-034,13.14,0.126,15.03,True
2026-08-17,BGW-034,4.33,0.126,4.95,True
2026-08-18,BGW-034,8.87,0.126,10.15,True
2026-08-19,BGW-034,6.46,0.126,7.39,True
2026-08-20,BGW-034,10.82,0.126,12.38,True
2026-08-21,BGW-034,12.0,0.126,13.73,True
2026-08-22,BGW-034,12.52,0.126,14.33,True
2026-08-23,BGW-034,12.47,0.126,14.27,True
2026-08-24,BGW-034,4.47,0.126,5.11,True
2026-08-25,BGW-034,5.93,0.126,6.78,True
2026-08-26,BGW-034,4.21,0.126,4.81,True
2026-07-28,BGW-035,11.41,0.185,14.0,True
2026-07-29,BGW-035,18.03,0.185,22.13,True
2026-07-30,BGW-035,11.63,0.185,14.27,True
2026-07-31,BGW-035,6.0,0.185,7.36,True
2026-08-01,BGW-035,15.36,0.185,18.85,True
2026-08-02,BGW-035,9.07,0.185,11.12,True
2026-08-03,BGW-035,13.91,0.185,17.07,True
2026-08-04,BGW-035,20.71,0.185,25.41,True
2026-08-05,BGW-035,7.83,0.185,9.61,True
2026-08-06,BGW-035,12.39,0.185,15.2,True
2026-08-07,BGW-035,9.92,0.185,12.17,True
2026-08-08,BGW-035,13.61,0.185,16.7,True
2026-08-09,BGW-035,20.8,0.185,25.52,True
2026-08-10,BGW-035,8.62,0.185,10.58,True
2026-08-11,BGW-035,5.73,0.185,7.03,True
2026-08-12,BGW-035,6.4,0.185,7.86,True
2026-08-13,BGW-035,7.54,0.185,9.25,True
2026-08-14,BGW-035,6.62,0.185,8.12,True
2026-08-15,BGW-035,20.02,0.185,24.56,True
2026-08-16,BGW-035,5.91,0.185,7.25,True
2026-08-17,BGW-035,10.68,0.185,13.1,True
2026-08-18,BGW-035,20.72,0.185,25.42,True
2026-08-19,BGW-035,12.77,0.185,15.67,True
2026-08-20,BGW-035,5.21,0.185,6.39,True
2026-08-21,BGW-035,6.79,0.185,8.33,True
2026-08-22,BGW-035,14.44,0.185,17.71,True
2026-08-23,BGW-035,11.77,0.185,14.44,True
2026-08-24,BGW-035,9.52,0.185,11.68,True
2026-08-25,BGW-035,17.96,0.185,22.04,True
2026-08-26,BGW-035,9.89,0.185,12.14,True
2026-07-28,BGW-036,4.58,0.096,5.07,True
2026-07-29,BGW-036,3.4,0.096,3.77,True
2026-07-30,BGW-036,3.48,0.096,3.85,True
2026-07-31,BGW-036,9.13,0.096,10.1,True
2026-08-01,BGW-036,9.53,0.096,10.54,True
2026-08-02,BGW-036,14.17,0.096,15.67,True
2026-08-03,BGW-036,5.11,0.096,5.65,True
2026-08-04,BGW-036,4.38,0.096,4.85,True
2026-08-05,BGW-036,6.66,0.096,7.37,True
2026-08-06,BGW-036,14.79,0.096,16.36,True
2026-08-07,BGW-036,7.96,0.096,8.8,True
2026-08-08,BGW-036,4.76,0.096,5.27,True
2026-08-09,BGW-036,3.63,0.096,4.02,True
2026-08-10,BGW-036,10.56,0.096,11.69,True
2026-08-11,BGW-036,13.53,0.096,14.97,True
2026-08-12,BGW-036,10.18,0.096,11.26,True
2026-08-13,BGW-036,13.65,0.096,15.1,True
2026-08-14,BGW-036,4.74,0.096,5.24,True
2026-08-15,BGW-036,10.66,0.096,11.79,True
2026-08-16,BGW-036,13.21,0.096,14.61,True
2026-08-17,BGW-036,8.82,0.096,9.75,True
2026-08-18,BGW-036,4.87,0.096,5.39,True
2026-08-19,BGW-036,13.57,0.096,15.01,True
2026-08-20,BGW-036,14.45,0.096,15.98,True
2026-08-21,BGW-036,6.68,0.096,7.39,True
2026-08-22,BGW-036,10.22,0.096,11.31,True
2026-08-23,BGW-036,5.63,0.096,6.23,True
2026-08-24,BGW-036,8.94,0.096,9.89,True
2026-08-25,BGW-036,10.44,0.096,11.54,True
2026-08-26,BGW-036,3.4,0.096,3.76,True
2026-07-28,BGW-038,6.25,0.086,6.84,True
2026-07-29,BGW-038,13.37,0.086,14.62,True
2026-07-30,BGW-038,21.73,0.086,23.77,True
2026-07-31,BGW-038,14.4,0.086,15.75,True
2026-08-01,BGW-038,18.01,0.086,19.71,True
2026-08-02,BGW-038,10.89,0.086,11.92,True
2026-08-03,BGW-038,20.01,0.086,21.89,True
2026-08-04,BGW-038,10.82,0.086,11.84,True
2026-08-05,BGW-038,18.57,0.086,20.31,True
2026-08-06,BGW-038,18.9,0.086,20.68,True
2026-08-07,BGW-038,5.94,0.086,6.5,True
2026-08-08,BGW-038,10.59,0.086,11.58,True
2026-08-09,BGW-038,25.0,0.086,27.35,True
2026-08-10,BGW-038,9.75,0.086,10.67,True
2026-08-11,BGW-038,6.63,0.086,7.25,True
2026-08-12,BGW-038,15.54,0.086,17.01,True
2026-08-13,BGW-038,25.0,0.086,27.35,True
2026-08-14,BGW-038,24.49,0.086,26.79,True
2026-08-15,BGW-038,19.38,0.086,21.21,True
2026-08-16,BGW-038,18.11,0.086,19.81,True
2026-08-17,BGW-038,6.76,0.086,7.4,True
2026-08-18,BGW-038,15.97,0.086,17.47,True
2026-08-19,BGW-038,9.89,0.086,10.82,True
2026-08-20,BGW-038,7.77,0.086,8.5,True
2026-08-21,BGW-038,8.8,0.086,9.63,True
2026-08-22,BGW-038,8.52,0.086,9.32,True
2026-08-23,BGW-038,8.36,0.086,9.15,True
2026-08-24,BGW-038,15.57,0.086,17.04,True
2026-08-25,BGW-038,20.65,0.086,22.6,True
2026-08-26,BGW-038,17.16,0.086,18.78,True
2026-07-28,BGW-039,9.65,0.205,12.14,True
2026-07-29,BGW-039,6.87,0.205,8.65,True
2026-07-30,BGW-039,8.25,0.205,10.37,True
2026-07-31,BGW-039,7.24,0.205,9.1,True
2026-08-01,BGW-039,11.66,0.205,14.67,True
2026-08-02,BGW-039,3.69,0.205,4.65,True
2026-08-03,BGW-039,5.41,0.205,6.81,True
2026-08-04,BGW-039,4.45,0.205,5.6,True
2026-08-05,BGW-039,7.34,0.205,9.23,True
2026-08-06,BGW-039,4.33,0.205,5.45,True
2026-08-07,BGW-039,10.24,0.205,12.88,True
2026-08-08,BGW-039,3.38,0.205,4.25,True
2026-08-09,BGW-039,7.5,0.205,9.43,True
2026-08-10,BGW-039,8.09,0.205,10.17,True
2026-08-11,BGW-039,3.72,0.205,4.68,True
2026-08-12,BGW-039,5.79,0.205,7.28,True
2026-08-13,BGW-039,7.27,0.205,9.14,True
2026-08-14,BGW-039,2.99,0.205,3.76,True
2026-08-15,BGW-039,6.36,0.205,8.0,True
2026-08-16,BGW-039,5.99,0.205,7.54,True
2026-08-17,BGW-039,6.25,0.205,7.86,True
2026-08-18,BGW-039,6.0,0.205,7.55,True
2026-08-19,BGW-039,8.28,0.205,10.41,True
2026-08-20,BGW-039,4.88,0.205,6.14,True
2026-08-21,BGW-039,4.4,0.205,5.53,True
2026-08-22,BGW-039,12.1,0.205,15.23,True
2026-08-23,BGW-039,12.13,0.205,15.25,True
2026-08-24,BGW-039,8.12,0.205,10.21,True
2026-08-25,BGW-039,11.8,0.205,14.84,True
2026-08-26,BGW-039,7.94,0.205,9.98,True
2026-07-28,BGW-040,17.8,0.219,22.79,True
2026-07-29,BGW-040,24.03,0.219,30.76,True
2026-07-30,BGW-040,7.73,0.219,9.9,True
2026-07-31,BGW-040,24.59,0.219,31.49,True
2026-08-01,BGW-040,21.5,0.219,27.53,True
2026-08-02,BGW-040,10.66,0.219,13.65,True
2026-08-03,BGW-040,9.48,0.219,12.13,True
2026-08-04,BGW-040,9.45,0.219,12.1,True
2026-08-05,BGW-040,9.69,0.219,12.41,True
2026-08-06,BGW-040,11.96,0.219,15.32,True
2026-08-07,BGW-040,25.0,0.219,32.01,True
2026-08-08,BGW-040,25.0,0.219,32.01,True
2026-08-09,BGW-040,8.21,0.219,10.51,True
2026-08-10,BGW-040,10.47,0.219,13.41,True
2026-08-11,BGW-040,15.89,0.219,20.35,True
2026-08-12,BGW-040,6.94,0.219,8.89,True
2026-08-13,BGW-040,25.0,0.219,32.01,True
2026-08-14,BGW-040,25.0,0.219,32.01,True
2026-08-15,BGW-040,14.33,0.219,18.35,True
2026-08-16,BGW-040,14.77,0.219,18.91,True
2026-08-17,BGW-040,25.0,0.219,32.01,True
2026-08-18,BGW-040,12.69,0.219,16.24,True
2026-08-19,BGW-040,15.92,0.219,20.39,True
2026-08-20,BGW-040,9.11,0.219,11.67,True
2026-08-21,BGW-040,10.71,0.219,13.71,True
2026-08-22,BGW-040,20.69,0.219,26.49,True
2026-08-23,BGW-040,20.75,0.219,26.57,True
2026-08-24,BGW-040,23.76,0.219,30.42,True
2026-08-25,BGW-040,9.28,0.219,11.88,True
2026-08-26,BGW-040,21.21,0.219,27.15,True
2026-07-28,BGW-043,6.66,0.117,7.55,True
2026-07-29,BGW-043,18.08,0.117,20.47,True
2026-07-30,BGW-043,14.24,0.117,16.13,True
2026-07-31,BGW-043,14.66,0.117,16.61,True
2026-08-01,BGW-043,21.27,0.117,24.09,True
2026-08-02,BGW-043,15.44,0.117,17.49,True
2026-08-03,BGW-043,11.17,0.117,12.65,True
2026-08-04,BGW-043,19.32,0.117,21.88,True
2026-08-05,BGW-043,19.69,0.117,22.3,True
2026-08-06,BGW-043,15.24,0.117,17.25,True
2026-08-07,BGW-043,9.97,0.117,11.29,True
2026-08-08,BGW-043,22.04,0.117,24.96,True
2026-08-09,BGW-043,13.04,0.117,14.77,True
2026-08-10,BGW-043,6.33,0.117,7.17,True
2026-08-11,BGW-043,17.04,0.117,19.3,True
2026-08-12,BGW-043,14.04,0.117,15.91,True
2026-08-13,BGW-043,12.68,0.117,14.36,True
2026-08-14,BGW-043,6.69,0.117,7.57,True
2026-08-15,BGW-043,22.23,0.117,25.18,True
2026-08-16,BGW-043,21.07,0.117,23.86,True
2026-08-17,BGW-043,13.12,0.117,14.86,True
2026-08-18,BGW-043,10.82,0.117,12.25,True
2026-08-19,BGW-043,23.62,0.117,26.75,True
2026-08-20,BGW-043,6.1,0.117,6.91,True
2026-08-21,BGW-043,24.67,0.117,27.94,True
2026-08-22,BGW-043,10.26,0.117,11.61,True
2026-08-23,BGW-043,18.52,0.117,20.97,True
2026-08-24,BGW-043,20.0,0.117,22.65,True
2026-08-25,BGW-043,24.06,0.117,27.25,True
2026-08-26,BGW-043,8.89,0.117,10.06,True
2026-07-28,BGW-045,3.78,0.197,4.7,True
2026-07-29,BGW-045,2.6,0.197,3.23,True
2026-07-30,BGW-045,7.12,0.197,8.87,True
2026-07-31,BGW-045,9.18,0.197,11.43,True
2026-08-01,BGW-045,8.56,0.197,10.66,True
2026-08-02,BGW-045,2.33,0.197,2.9,True
2026-08-03,BGW-045,2.98,0.197,3.71,True
2026-08-04,BGW-045,6.29,0.197,7.83,True
2026-08-05,BGW-045,3.3,0.197,4.11,True
2026-08-06,BGW-045,4.73,0.197,5.89,True
2026-08-07,BGW-045,8.58,0.197,10.69,True
2026-08-08,BGW-045,3.96,0.197,4.93,True
2026-08-09,BGW-045,7.85,0.197,9.77,True
2026-08-10,BGW-045,6.81,0.197,8.48,True
2026-08-11,BGW-045,7.4,0.197,9.21,True
2026-08-12,BGW-045,2.67,0.197,3.33,True
2026-08-13,BGW-045,8.85,0.197,11.02,True
2026-08-14,BGW-045,3.81,0.197,4.74,True
2026-08-15,BGW-045,8.74,0.197,10.88,True
2026-08-16,BGW-045,4.07,0.197,5.06,True
2026-08-17,BGW-045,2.53,0.197,3.16,True
2026-08-18,BGW-045,5.56,0.197,6.92,True
2026-08-19,BGW-045,3.51,0.197,4.38,True
2026-08-20,BGW-045,3.15,0.197,3.92,True
2026-08-21,BGW-045,7.48,0.197,9.32,True
2026-08-22,BGW-045,9.5,0.197,11.83,True
2026-08-23,BGW-045,7.18,0.197,8.94,True
2026-08-24,BGW-045,5.18,0.197,6.45,True
2026-08-25,BGW-045,6.47,0.197,8.06,True
2026-08-26,BGW-045,5.13,0.197,6.38,True
2026-07-28,BGW-046,15.55,0.148,18.25,True
2026-07-29,BGW-046,7.45,0.148,8.74,True
2026-07-30,BGW-046,11.67,0.148,13.7,True
2026-07-31,BGW-046,10.47,0.148,12.29,True
2026-08-01,BGW-046,20.14,0.148,23.64,True
2026-08-02,BGW-046,20.22,0.148,23.73,True
2026-08-03,BGW-046,11.1,0.148,13.03,True
2026-08-04,BGW-046,6.99,0.148,8.2,True
2026-08-05,BGW-046,10.21,0.148,11.98,True
2026-08-06,BGW-046,13.7,0.148,16.07,True
2026-08-07,BGW-046,20.4,0.148,23.94,True
2026-08-08,BGW-046,21.69,0.148,25.46,True
2026-08-09,BGW-046,10.84,0.148,12.72,True
2026-08-10,BGW-046,23.08,0.148,27.09,True
2026-08-11,BGW-046,18.52,0.148,21.74,True
2026-08-12,BGW-046,20.55,0.148,24.12,True
2026-08-13,BGW-046,22.58,0.148,26.5,True
2026-08-14,BGW-046,9.55,0.148,11.2,True
2026-08-15,BGW-046,10.52,0.148,12.35,True
2026-08-16,BGW-046,12.65,0.148,14.85,True
2026-08-17,BGW-046,10.92,0.148,12.81,True
2026-08-18,BGW-046,15.8,0.148,18.54,True
2026-08-19,BGW-046,15.44,0.148,18.12,True
2026-08-20,BGW-046,18.46,0.148,21.67,True
2026-08-21,BGW-046,22.84,0.148,26.8,True
2026-08-22,BGW-046,7.89,0.148,9.26,True
2026-08-23,BGW-046,18.48,0.148,21.69,True
2026-08-24,BGW-046,7.6,0.148,8.92,True
2026-08-25,BGW-046,12.23,0.148,14.35,True
2026-08-26,BGW-046,19.56,0.148,22.95,True
2026-07-28,BGW-047,10.28,0.083,11.21,True
2026-07-29,BGW-047,11.28,0.083,12.3,True
2026-07-30,BGW-047,9.11,0.083,9.93,True
2026-07-31,BGW-047,5.26,0.083,5.73,True
2026-08-01,BGW-047,6.39,0.083,6.97,True
2026-08-02,BGW-047,13.55,0.083,14.78,True
2026-08-03,BGW-047,13.91,0.083,15.17,True
2026-08-04,BGW-047,7.46,0.083,8.13,True
2026-08-05,BGW-047,13.31,0.083,14.52,True
2026-08-06,BGW-047,9.36,0.083,10.21,True
2026-08-07,BGW-047,5.26,0.083,5.74,True
2026-08-08,BGW-047,8.13,0.083,8.87,True
2026-08-09,BGW-047,11.03,0.083,12.03,True
2026-08-10,BGW-047,11.9,0.083,12.97,True
2026-08-11,BGW-047,7.69,0.083,8.38,True
2026-08-12,BGW-047,7.0,0.083,7.63,True
2026-08-13,BGW-047,4.9,0.083,5.35,True
2026-08-14,BGW-047,6.06,0.083,6.61,True
2026-08-15,BGW-047,10.81,0.083,11.79,True
2026-08-16,BGW-047,4.23,0.083,4.62,True
2026-08-17,BGW-047,3.44,0.083,3.75,True
2026-08-18,BGW-047,6.34,0.083,6.91,True
2026-08-19,BGW-047,5.24,0.083,5.71,True
2026-08-20,BGW-047,7.61,0.083,8.3,True
2026-08-21,BGW-047,11.01,0.083,12.01,True
2026-08-22,BGW-047,5.08,0.083,5.54,True
2026-08-23,BGW-047,11.91,0.083,12.98,True
2026-08-24,BGW-047,10.53,0.083,11.48,True
2026-08-25,BGW-047,6.16,0.083,6.72,True
2026-08-26,BGW-047,13.19,0.083,14.39,True
2026-07-28,BGW-051,9.25,0.271,12.68,True
2026-07-29,BGW-051,15.82,0.271,21.71,True
2026-07-30,BGW-051,7.14,0.271,9.79,True
2026-07-31,BGW-051,5.91,0.271,8.1,True
2026-08-01,BGW-051,15.91,0.271,21.83,True
2026-08-02,BGW-051,13.24,0.271,18.17,True
2026-08-03,BGW-051,18.7,0.271,25.66,True
2026-08-04,BGW-051,8.4,0.271,11.53,True
2026-08-05,BGW-051,5.16,0.271,7.08,True
2026-08-06,BGW-051,16.1,0.271,22.09,True
2026-08-07,BGW-051,12.7,0.271,17.42,True
2026-08-08,BGW-051,18.52,0.271,25.41,True
2026-08-09,BGW-051,18.32,0.271,25.13,True
2026-08-10,BGW-051,7.96,0.271,10.91,True
2026-08-11,BGW-051,7.54,0.271,10.34,True
2026-08-12,BGW-051,14.18,0.271,19.45,True
2026-08-13,BGW-051,11.77,0.271,16.14,True
2026-08-14,BGW-051,11.47,0.271,15.73,True
2026-08-15,BGW-051,16.62,0.271,22.8,True
2026-08-16,BGW-051,10.81,0.271,14.83,True
2026-08-17,BGW-051,15.36,0.271,21.08,True
2026-08-18,BGW-051,7.33,0.271,10.06,True
2026-08-19,BGW-051,7.03,0.271,9.64,True
2026-08-20,BGW-051,7.39,0.271,10.14,True
2026-08-21,BGW-051,9.15,0.271,12.55,True
2026-08-22,BGW-051,16.2,0.271,22.22,True
2026-08-23,BGW-051,16.28,0.271,22.33,True
2026-08-24,BGW-051,4.94,0.271,6.78,True
2026-08-25,BGW-051,15.98,0.271,21.92,True
2026-08-26,BGW-051,12.98,0.271,17.81,True
