timestamp,well_id,spm,stroke_length_in,vfd_frequency_hz,fluid_level_m,pump_depth_ft,rod_string_diameter_in,rod_string_length_ft,tubing_size_in,is_synthetic
2026-07-28,BGW-001,5.22,105.0,38.7,750.4,3996.0,0.875,3789.0,2.375,True
2026-07-29,BGW-001,5.44,70.0,38.6,750.4,3996.0,0.875,3789.0,2.375,True
2026-07-30,BGW-001,5.97,105.0,40.2,750.4,3996.0,0.875,3789.0,2.375,True
2026-07-31,BGW-001,5.31,95.0,47.2,750.4,3996.0,0.875,3789.0,2.375,True
2026-08-01,BGW-001,6.09,105.0,39.6,750.4,3996.0,0.875,3789.0,2.375,True
2026-08-02,BGW-001,5.98,100.0,42.9,750.4,3996.0,0.875,3789.0,2.375,True
2026-08-03,BGW-001,5.68,85.0,44.1,750.4,3996.0,0.875,3789.0,2.375,True
2026-08-04,BGW-001,5.55,75.0,41.5,750.4,3996.0,0.875,3789.0,2.375,True
2026-08-05,BGW-001,5.51,75.0,38.0,750.4,3996.0,0.875,3789.0,2.375,True
2026-08-06,BGW-001,5.8,95.0,38.8,750.4,3996.0,0.875,3789.0,2.375,True
2026-08-07,BGW-001,5.76,110.0,44.8,750.4,3996.0,0.875,3789.0,2.375,True
2026-08-08,BGW-001,4.83,105.0,38.9,750.4,3996.0,0.875,3789.0,2.375,True
2026-08-09,BGW-001,5.86,70.0,42.6,750.4,3996.0,0.875,3789.0,2.375,True
2026-08-10,BGW-001,6.1,100.0,43.2,750.4,3996.0,0.875,3789.0,2.375,True
2026-08-11,BGW-001,5.86,115.0,39.9,750.4,3996.0,0.875,3789.0,2.375,True
2026-08-12,BGW-001,5.75,110.0,43.5,750.4,3996.0,0.875,3789.0,2.375,True
2026-08-13,BGW-001,5.25,105.0,39.6,750.4,3996.0,0.875,3789.0,2.375,True
2026-08-14,BGW-001,5.79,115.0,45.9,750.4,3996.0,0.875,3789.0,2.375,True
2026-08-15,BGW-001,6.29,85.0,43.3,750.4,3996.0,0.875,3789.0,2.375,True
2026-08-16,BGW-001,6.03,115.0,39.0,750.4,3996.0,0.875,3789.0,2.375,True
2026-08-17,BGW-001,5.72,100.0,42.8,750.4,3996.0,0.875,3789.0,2.375,True
2026-08-18,BGW-001,5.52,85.0,39.8,750.4,3996.0,0.875,3789.0,2.375,True
2026-08-19,BGW-001,5.84,105.0,39.3,750.4,3996.0,0.875,3789.0,2.375,True
2026-08-20,BGW-001,5.28,100.0,43.8,750.4,3996.0,0.875,3789.0,2.375,True
2026-08-21,BGW-001,5.72,115.0,43.1,750.4,3996.0,0.875,3789.0,2.375,True
2026-08-22,BGW-001,6.21,85.0,36.4,750.4,3996.0,0.875,3789.0,2.375,True
2026-08-23,BGW-001,5.9,85.0,43.2,750.4,3996.0,0.875,3789.0,2.375,True
2026-08-24,BGW-001,5.95,80.0,43.4,750.4,3996.0,0.875,3789.0,2.375,True
2026-08-25,BGW-001,5.9,100.0,39.4,750.4,3996.0,0.875,3789.0,2.375,True
2026-08-26,BGW-001,5.39,85.0,40.0,750.4,3996.0,0.875,3789.0,2.375,True
2026-07-28,BGW-002,5.36,110.0,38.6,563.3,4385.6,1.0,3149.5,2.875,True
2026-07-29,BGW-002,5.87,115.0,38.9,563.3,4385.6,1.0,3149.5,2.875,True
2026-07-30,BGW-002,5.73,95.0,41.4,563.3,4385.6,1.0,3149.5,2.875,True
2026-07-31,BGW-002,6.07,95.0,40.0,563.3,4385.6,1.0,3149.5,2.875,True
2026-08-01,BGW-002,5.3,75.0,41.6,563.3,4385.6,1.0,3149.5,2.875,True
2026-08-02,BGW-002,6.42,75.0,41.8,563.3,4385.6,1.0,3149.5,2.875,True
2026-08-03,BGW-002,5.97,105.0,41.9,563.3,4385.6,1.0,3149.5,2.875,True
2026-08-04,BGW-002,5.53,110.0,46.0,563.3,4385.6,1.0,3149.5,2.875,True
2026-08-05,BGW-002,5.48,70.0,35.0,563.3,4385.6,1.0,3149.5,2.875,True
2026-08-06,BGW-002,5.94,100.0,39.0,563.3,4385.6,1.0,3149.5,2.875,True
2026-08-07,BGW-002,5.86,75.0,46.0,563.3,4385.6,1.0,3149.5,2.875,True
2026-08-08,BGW-002,5.93,100.0,36.8,563.3,4385.6,1.0,3149.5,2.875,True
2026-08-09,BGW-002,5.96,100.0,38.0,563.3,4385.6,1.0,3149.5,2.875,True
2026-08-10,BGW-002,5.51,105.0,39.9,563.3,4385.6,1.0,3149.5,2.875,True
2026-08-11,BGW-002,5.76,105.0,49.2,563.3,4385.6,1.0,3149.5,2.875,True
2026-08-12,BGW-002,5.5,75.0,40.7,563.3,4385.6,1.0,3149.5,2.875,True
2026-08-13,BGW-002,6.05,70.0,42.3,563.3,4385.6,1.0,3149.5,2.875,True
2026-08-14,BGW-002,5.34,110.0,39.8,563.3,4385.6,1.0,3149.5,2.875,True
2026-08-15,BGW-002,5.76,70.0,42.4,563.3,4385.6,1.0,3149.5,2.875,True
2026-08-16,BGW-002,5.23,100.0,44.3,563.3,4385.6,1.0,3149.5,2.875,True
2026-08-17,BGW-002,4.9,80.0,40.3,563.3,4385.6,1.0,3149.5,2.875,True
2026-08-18,BGW-002,5.88,110.0,44.0,563.3,4385.6,1.0,3149.5,2.875,True
2026-08-19,BGW-002,6.0,105.0,41.1,563.3,4385.6,1.0,3149.5,2.875,True
2026-08-20,BGW-002,6.05,95.0,45.5,563.3,4385.6,1.0,3149.5,2.875,True
2026-08-21,BGW-002,5.56,90.0,44.3,563.3,4385.6,1.0,3149.5,2.875,True
2026-08-22,BGW-002,5.47,80.0,43.6,563.3,4385.6,1.0,3149.5,2.875,True
2026-08-23,BGW-002,6.15,115.0,42.7,563.3,4385.6,1.0,3149.5,2.875,True
2026-08-24,BGW-002,6.39,70.0,44.7,563.3,4385.6,1.0,3149.5,2.875,True
2026-08-25,BGW-002,5.69,70.0,43.4,563.3,4385.6,1.0,3149.5,2.875,True
2026-08-26,BGW-002,5.53,70.0,43.0,563.3,4385.6,1.0,3149.5,2.875,True
2026-07-28,BGW-006,3.97,105.0,44.1,844.7,4160.9,0.75,4040.3,2.375,True
2026-07-29,BGW-006,4.42,105.0,42.1,844.7,4160.9,0.75,4040.3,2.375,True
2026-07-30,BGW-006,3.9,85.0,42.1,844.7,4160.9,0.75,4040.3,2.375,True
2026-07-31,BGW-006,3.74,90.0,43.0,844.7,4160.9,0.75,4040.3,2.375,True
2026-08-01,BGW-006,4.74,90.0,38.3,844.7,4160.9,0.75,4040.3,2.375,True
2026-08-02,BGW-006,4.47,80.0,41.8,844.7,4160.9,0.75,4040.3,2.375,True
2026-08-03,BGW-006,4.38,100.0,36.6,844.7,4160.9,0.75,4040.3,2.375,True
2026-08-04,BGW-006,4.31,100.0,45.0,844.7,4160.9,0.75,4040.3,2.375,True
2026-08-05,BGW-006,4.26,90.0,39.8,844.7,4160.9,0.75,4040.3,2.375,True
2026-08-06,BGW-006,4.11,85.0,39.0,844.7,4160.9,0.75,4040.3,2.375,True
2026-08-07,BGW-006,4.64,90.0,47.0,844.7,4160.9,0.75,4040.3,2.375,True
2026-08-08,BGW-006,3.55,105.0,40.6,844.7,4160.9,0.75,4040.3,2.375,True
2026-08-09,BGW-006,3.7,100.0,42.0,844.7,4160.9,0.75,4040.3,2.375,True
2026-08-10,BGW-006,3.5,90.0,44.5,844.7,4160.9,0.75,4040.3,2.375,True
2026-08-11,BGW-006,4.38,95.0,42.3,844.7,4160.9,0.75,4040.3,2.375,True
2026-08-12,BGW-006,3.61,100.0,45.3,844.7,4160.9,0.75,4040.3,2.375,True
2026-08-13,BGW-006,5.24,75.0,39.6,844.7,4160.9,0.75,4040.3,2.375,True
2026-08-14,BGW-006,3.58,80.0,40.4,844.7,4160.9,0.75,4040.3,2.375,True
2026-08-15,BGW-006,4.24,95.0,37.6,844.7,4160.9,0.75,4040.3,2.375,True
2026-08-16,BGW-006,3.86,85.0,46.1,844.7,4160.9,0.75,4040.3,2.375,True
2026-08-17,BGW-006,4.35,80.0,42.5,844.7,4160.9,0.75,4040.3,2.375,True
2026-08-18,BGW-006,4.15,80.0,44.9,844.7,4160.9,0.75,4040.3,2.375,True
2026-08-19,BGW-006,3.8,70.0,39.9,844.7,4160.9,0.75,4040.3,2.375,True
2026-08-20,BGW-006,3.91,110.0,40.0,844.7,4160.9,0.75,4040.3,2.375,True
2026-08-21,BGW-006,3.97,75.0,44.0,844.7,4160.9,0.75,4040.3,2.375,True
2026-08-22,BGW-006,4.26,95.0,45.0,844.7,4160.9,0.75,4040.3,2.375,True
2026-08-23,BGW-006,4.26,110.0,40.5,844.7,4160.9,0.75,4040.3,2.375,True
2026-08-24,BGW-006,3.95,70.0,40.5,844.7,4160.9,0.75,4040.3,2.375,True
2026-08-25,BGW-006,3.87,75.0,43.0,844.7,4160.9,0.75,4040.3,2.375,True
2026-08-26,BGW-006,4.26,90.0,46.0,844.7,4160.9,0.75,4040.3,2.375,True
2026-07-28,BGW-007,6.55,90.0,40.3,559.4,4101.6,0.75,3382.0,2.875,True
2026-07-29,BGW-007,6.32,95.0,45.2,559.4,4101.6,0.75,3382.0,2.875,True
2026-07-30,BGW-007,5.58,105.0,47.1,559.4,4101.6,0.75,3382.0,2.875,True
2026-07-31,BGW-007,5.89,90.0,42.5,559.4,4101.6,0.75,3382.0,2.875,True
2026-08-01,BGW-007,5.99,75.0,38.7,559.4,4101.6,0.75,3382.0,2.875,True
2026-08-02,BGW-007,5.98,90.0,46.8,559.4,4101.6,0.75,3382.0,2.875,True
2026-08-03,BGW-007,6.72,80.0,40.5,559.4,4101.6,0.75,3382.0,2.875,True
2026-08-04,BGW-007,5.82,110.0,45.9,559.4,4101.6,0.75,3382.0,2.875,True
2026-08-05,BGW-007,5.14,115.0,37.9,559.4,4101.6,0.75,3382.0,2.875,True
2026-08-06,BGW-007,6.35,100.0,39.5,559.4,4101.6,0.75,3382.0,2.875,True
2026-08-07,BGW-007,6.45,95.0,36.4,559.4,4101.6,0.75,3382.0,2.875,True
2026-08-08,BGW-007,6.19,80.0,45.8,559.4,4101.6,0.75,3382.0,2.875,True
2026-08-09,BGW-007,6.72,100.0,40.4,559.4,4101.6,0.75,3382.0,2.875,True
2026-08-10,BGW-007,6.08,90.0,35.5,559.4,4101.6,0.75,3382.0,2.875,True
2026-08-11,BGW-007,6.0,75.0,39.2,559.4,4101.6,0.75,3382.0,2.875,True
2026-08-12,BGW-007,6.47,100.0,38.7,559.4,4101.6,0.75,3382.0,2.875,True
2026-08-13,BGW-007,5.47,90.0,41.5,559.4,4101.6,0.75,3382.0,2.875,True
2026-08-14,BGW-007,5.66,75.0,41.5,559.4,4101.6,0.75,3382.0,2.875,True
2026-08-15,BGW-007,5.87,105.0,41.2,559.4,4101.6,0.75,3382.0,2.875,True
2026-08-16,BGW-007,6.66,85.0,41.7,559.4,4101.6,0.75,3382.0,2.875,True
2026-08-17,BGW-007,5.45,75.0,42.2,559.4,4101.6,0.75,3382.0,2.875,True
2026-08-18,BGW-007,5.66,90.0,43.8,559.4,4101.6,0.75,3382.0,2.875,True
2026-08-19,BGW-007,6.16,75.0,38.6,559.4,4101.6,0.75,3382.0,2.875,True
2026-08-20,BGW-007,6.59,70.0,36.6,559.4,4101.6,0.75,3382.0,2.875,True
2026-08-21,BGW-007,6.17,100.0,49.0,559.4,4101.6,0.75,3382.0,2.875,True
2026-08-22,BGW-007,6.21,100.0,44.3,559.4,4101.6,0.75,3382.0,2.875,True
2026-08-23,BGW-007,6.84,75.0,44.7,559.4,4101.6,0.75,3382.0,2.875,True
2026-08-24,BGW-007,5.73,105.0,39.1,559.4,4101.6,0.75,3382.0,2.875,True
2026-08-25,BGW-007,6.16,80.0,36.8,559.4,4101.6,0.75,3382.0,2.875,True
2026-08-26,BGW-007,6.3,70.0,40.6,559.4,4101.6,0.75,3382.0,2.875,True
2026-07-28,BGW-008,5.74,100.0,41.3,632.9,3981.1,0.875,3536.2,2.375,True
2026-07-29,BGW-008,5.86,100.0,40.2,632.9,3981.1,0.875,3536.2,2.375,True
2026-07-30,BGW-008,6.26,100.0,45.1,632.9,3981.1,0.875,3536.2,2.375,True
2026-07-31,BGW-008,6.23,100.0,42.8,632.9,3981.1,0.875,3536.2,2.375,True
2026-08-01,BGW-008,6.33,110.0,44.3,632.9,3981.1,0.875,3536.2,2.375,True
2026-08-02,BGW-008,5.66,110.0,42.3,632.9,3981.1,0.875,3536.2,2.375,True
2026-08-03,BGW-008,5.88,110.0,42.0,632.9,3981.1,0.875,3536.2,2.375,True
2026-08-04,BGW-008,5.85,95.0,35.9,632.9,3981.1,0.875,3536.2,2.375,True
2026-08-05,BGW-008,6.7,110.0,38.7,632.9,3981.1,0.875,3536.2,2.375,True
2026-08-06,BGW-008,5.97,105.0,43.5,632.9,3981.1,0.875,3536.2,2.375,True
2026-08-07,BGW-008,6.32,70.0,44.3,632.9,3981.1,0.875,3536.2,2.375,True
2026-08-08,BGW-008,5.81,95.0,39.5,632.9,3981.1,0.875,3536.2,2.375,True
2026-08-09,BGW-008,5.93,75.0,43.5,632.9,3981.1,0.875,3536.2,2.375,True
2026-08-10,BGW-008,6.0,115.0,39.5,632.9,3981.1,0.875,3536.2,2.375,True
2026-08-11,BGW-008,5.81,90.0,40.3,632.9,3981.1,0.875,3536.2,2.375,True
2026-08-12,BGW-008,5.79,105.0,41.6,632.9,3981.1,0.875,3536.2,2.375,True
2026-08-13,BGW-008,6.5,110.0,44.1,632.9,3981.1,0.875,3536.2,2.375,True
2026-08-14,BGW-008,5.97,85.0,38.3,632.9,3981.1,0.875,3536.2,2.375,True
2026-08-15,BGW-008,6.27,95.0,42.2,632.9,3981.1,0.875,3536.2,2.375,True
2026-08-16,BGW-008,6.35,95.0,38.5,632.9,3981.1,0.875,3536.2,2.375,True
2026-08-17,BGW-008,6.09,105.0,41.4,632.9,3981.1,0.875,3536.2,2.375,True
2026-08-18,BGW-008,6.0,70.0,41.3,632.9,3981.1,0.875,3536.2,2.375,True
2026-08-19,BGW-008,5.7,115.0,41.6,632.9,3981.1,0.875,3536.2,2.375,True
2026-08-20,BGW-008,5.8,75.0,42.5,632.9,3981.1,0.875,3536.2,2.375,True
2026-08-21,BGW-008,5.91,105.0,45.0,632.9,3981.1,0.875,3536.2,2.375,True
2026-08-22,BGW-008,6.16,70.0,44.4,632.9,3981.1,0.875,3536.2,2.375,True
2026-08-23,BGW-008,5.77,110.0,45.4,632.9,3981.1,0.875,3536.2,2.375,True
2026-08-24,BGW-008,6.07,85.0,42.4,632.9,3981.1,0.875,3536.2,2.375,True
2026-08-25,BGW-008,5.91,75.0,41.7,632.9,3981.1,0.875,3536.2,2.375,True
2026-08-26,BGW-008,5.83,105.0,39.8,632.9,3981.1,0.875,3536.2,2.375,True
2026-07-28,BGW-009,5.29,110.0,43.9,439.8,3493.8,0.75,3514.4,2.875,True
2026-07-29,BGW-009,5.62,70.0,41.5,439.8,3493.8,0.75,3514.4,2.875,True
2026-07-30,BGW-009,4.29,95.0,45.4,439.8,3493.8,0.75,3514.4,2.875,True
2026-07-31,BGW-009,5.14,80.0,47.5,439.8,3493.8,0.75,3514.4,2.875,True
2026-08-01,BGW-009,4.55,70.0,45.1,439.8,3493.8,0.75,3514.4,2.875,True
2026-08-02,BGW-009,4.86,95.0,48.0,439.8,3493.8,0.75,3514.4,2.875,True
2026-08-03,BGW-009,4.69,90.0,42.1,439.8,3493.8,0.75,3514.4,2.875,True
2026-08-04,BGW-009,4.63,70.0,35.0,439.8,3493.8,0.75,3514.4,2.875,True
2026-08-05,BGW-009,4.4,85.0,42.8,439.8,3493.8,0.75,3514.4,2.875,True
2026-08-06,BGW-009,4.95,80.0,35.3,439.8,3493.8,0.75,3514.4,2.875,True
2026-08-07,BGW-009,4.9,80.0,42.5,439.8,3493.8,0.75,3514.4,2.875,True
2026-08-08,BGW-009,5.15,110.0,41.1,439.8,3493.8,0.75,3514.4,2.875,True
2026-08-09,BGW-009,4.33,75.0,44.7,439.8,3493.8,0.75,3514.4,2.875,True
2026-08-10,BGW-009,4.22,80.0,42.1,439.8,3493.8,0.75,3514.4,2.875,True
2026-08-11,BGW-009,5.07,70.0,40.5,439.8,3493.8,0.75,3514.4,2.875,True
2026-08-12,BGW-009,4.73,70.0,38.6,439.8,3493.8,0.75,3514.4,2.875,True
2026-08-13,BGW-009,4.62,115.0,44.0,439.8,3493.8,0.75,3514.4,2.875,True
2026-08-14,BGW-009,4.44,70.0,39.5,439.8,3493.8,0.75,3514.4,2.875,True
2026-08-15,BGW-009,5.46,70.0,43.0,439.8,3493.8,0.75,3514.4,2.875,True
2026-08-16,BGW-009,4.54,100.0,41.6,439.8,3493.8,0.75,3514.4,2.875,True
2026-08-17,BGW-009,5.02,95.0,50.0,439.8,3493.8,0.75,3514.4,2.875,True
2026-08-18,BGW-009,4.96,75.0,46.2,439.8,3493.8,0.75,3514.4,2.875,True
2026-08-19,BGW-009,5.64,115.0,38.1,439.8,3493.8,0.75,3514.4,2.875,True
2026-08-20,BGW-009,4.68,115.0,40.5,439.8,3493.8,0.75,3514.4,2.875,True
2026-08-21,BGW-009,4.66,95.0,45.5,439.8,3493.8,0.75,3514.4,2.875,True
2026-08-22,BGW-009,5.79,80.0,38.3,439.8,3493.8,0.75,3514.4,2.875,True
2026-08-23,BGW-009,4.84,90.0,42.8,439.8,3493.8,0.75,3514.4,2.875,True
2026-08-24,BGW-009,4.97,75.0,38.2,439.8,3493.8,0.75,3514.4,2.875,True
2026-08-25,BGW-009,5.16,95.0,46.4,439.8,3493.8,0.75,3514.4,2.875,True
2026-08-26,BGW-009,4.91,90.0,40.3,439.8,3493.8,0.75,3514.4,2.875,True
2026-07-28,BGW-011,4.12,95.0,43.3,666.2,3990.0,1.0,3497.3,2.875,True
2026-07-29,BGW-011,4.78,70.0,38.0,666.2,3990.0,1.0,3497.3,2.875,True
2026-07-30,BGW-011,4.03,115.0,43.2,666.2,3990.0,1.0,3497.3,2.875,True
2026-07-31,BGW-011,4.35,100.0,39.6,666.2,3990.0,1.0,3497.3,2.875,True
2026-08-01,BGW-011,4.25,85.0,46.0,666.2,3990.0,1.0,3497.3,2.875,True
2026-08-02,BGW-011,4.36,105.0,41.9,666.2,3990.0,1.0,3497.3,2.875,True
2026-08-03,BGW-011,4.18,95.0,41.8,666.2,3990.0,1.0,3497.3,2.875,True
2026-08-04,BGW-011,3.85,70.0,45.8,666.2,3990.0,1.0,3497.3,2.875,True
2026-08-05,BGW-011,4.76,105.0,40.1,666.2,3990.0,1.0,3497.3,2.875,True
2026-08-06,BGW-011,3.73,115.0,44.0,666.2,3990.0,1.0,3497.3,2.875,True
2026-08-07,BGW-011,3.9,95.0,44.8,666.2,3990.0,1.0,3497.3,2.875,True
2026-08-08,BGW-011,3.93,80.0,38.8,666.2,3990.0,1.0,3497.3,2.875,True
2026-08-09,BGW-011,4.08,95.0,45.1,666.2,3990.0,1.0,3497.3,2.875,True
2026-08-10,BGW-011,4.27,85.0,46.3,666.2,3990.0,1.0,3497.3,2.875,True
2026-08-11,BGW-011,4.35,75.0,35.4,666.2,3990.0,1.0,3497.3,2.875,True
2026-08-12,BGW-011,4.71,85.0,38.3,666.2,3990.0,1.0,3497.3,2.875,True
2026-08-13,BGW-011,4.12,75.0,46.1,666.2,3990.0,1.0,3497.3,2.875,True
2026-08-14,BGW-011,4.04,75.0,41.0,666.2,3990.0,1.0,3497.3,2.875,True
2026-08-15,BGW-011,4.27,70.0,43.2,666.2,3990.0,1.0,3497.3,2.875,True
2026-08-16,BGW-011,4.16,90.0,39.5,666.2,3990.0,1.0,3497.3,2.875,True
2026-08-17,BGW-011,4.39,80.0,39.8,666.2,3990.0,1.0,3497.3,2.875,True
2026-08-18,BGW-011,4.26,85.0,41.3,666.2,3990.0,1.0,3497.3,2.875,True
2026-08-19,BGW-011,4.29,110.0,49.4,666.2,3990.0,1.0,3497.3,2.875,True
2026-08-20,BGW-011,3.73,100.0,43.4,666.2,3990.0,1.0,3497.3,2.875,True
2026-08-21,BGW-011,4.06,95.0,43.6,666.2,3990.0,1.0,3497.3,2.875,True
2026-08-22,BGW-011,4.6,80.0,41.0,666.2,3990.0,1.0,3497.3,2.875,True
2026-08-23,BGW-011,4.23,105.0,43.4,666.2,3990.0,1.0,3497.3,2.875,True
2026-08-24,BGW-011,3.57,115.0,43.7,666.2,3990.0,1.0,3497.3,2.875,True
2026-08-25,BGW-011,4.88,75.0,45.4,666.2,3990.0,1.0,3497.3,2.875,True
2026-08-26,BGW-011,4.5,75.0,38.1,666.2,3990.0,1.0,3497.3,2.875,True
2026-07-28,BGW-012,5.5,70.0,45.0,873.1,3465.8,1.0,3775.9,3.5,True
2026-07-29,BGW-012,5.53,90.0,43.3,873.1,3465.8,1.0,3775.9,3.5,True
2026-07-30,BGW-012,5.97,90.0,46.7,873.1,3465.8,1.0,3775.9,3.5,True
2026-07-31,BGW-012,4.78,95.0,40.4,873.1,3465.8,1.0,3775.9,3.5,True
2026-08-01,BGW-012,5.51,90.0,39.0,873.1,3465.8,1.0,3775.9,3.5,True
2026-08-02,BGW-012,5.3,80.0,44.3,873.1,3465.8,1.0,3775.9,3.5,True
2026-08-03,BGW-012,5.73,105.0,39.0,873.1,3465.8,1.0,3775.9,3.5,True
2026-08-04,BGW-012,5.36,90.0,42.3,873.1,3465.8,1.0,3775.9,3.5,True
2026-08-05,BGW-012,6.26,80.0,40.2,873.1,3465.8,1.0,3775.9,3.5,True
2026-08-06,BGW-012,5.41,100.0,39.9,873.1,3465.8,1.0,3775.9,3.5,True
2026-08-07,BGW-012,5.58,95.0,44.2,873.1,3465.8,1.0,3775.9,3.5,True
2026-08-08,BGW-012,5.2,75.0,42.3,873.1,3465.8,1.0,3775.9,3.5,True
2026-08-09,BGW-012,5.35,70.0,39.7,873.1,3465.8,1.0,3775.9,3.5,True
2026-08-10,BGW-012,5.36,90.0,40.2,873.1,3465.8,1.0,3775.9,3.5,True
2026-08-11,BGW-012,5.97,95.0,37.1,873.1,3465.8,1.0,3775.9,3.5,True
2026-08-12,BGW-012,5.85,105.0,43.5,873.1,3465.8,1.0,3775.9,3.5,True
2026-08-13,BGW-012,6.1,105.0,38.5,873.1,3465.8,1.0,3775.9,3.5,True
2026-08-14,BGW-012,6.28,90.0,43.7,873.1,3465.8,1.0,3775.9,3.5,True
2026-08-15,BGW-012,6.03,105.0,42.7,873.1,3465.8,1.0,3775.9,3.5,True
2026-08-16,BGW-012,5.14,85.0,37.9,873.1,3465.8,1.0,3775.9,3.5,True
2026-08-17,BGW-012,5.35,85.0,43.9,873.1,3465.8,1.0,3775.9,3.5,True
2026-08-18,BGW-012,5.44,115.0,43.2,873.1,3465.8,1.0,3775.9,3.5,True
2026-08-19,BGW-012,5.72,95.0,42.3,873.1,3465.8,1.0,3775.9,3.5,True
2026-08-20,BGW-012,5.36,100.0,37.4,873.1,3465.8,1.0,3775.9,3.5,True
2026-08-21,BGW-012,5.71,80.0,41.8,873.1,3465.8,1.0,3775.9,3.5,True
2026-08-22,BGW-012,5.71,95.0,45.2,873.1,3465.8,1.0,3775.9,3.5,True
2026-08-23,BGW-012,5.45,70.0,40.2,873.1,3465.8,1.0,3775.9,3.5,True
2026-08-24,BGW-012,5.49,100.0,35.2,873.1,3465.8,1.0,3775.9,3.5,True
2026-08-25,BGW-012,5.49,85.0,40.0,873.1,3465.8,1.0,3775.9,3.5,True
2026-08-26,BGW-012,6.45,75.0,42.0,873.1,3465.8,1.0,3775.9,3.5,True
2026-07-28,BGW-014,4.47,95.0,43.4,454.2,4207.1,1.0,3658.0,2.375,True
2026-07-29,BGW-014,4.03,85.0,38.2,454.2,4207.1,1.0,3658.0,2.375,True
2026-07-30,BGW-014,4.49,70.0,41.8,454.2,4207.1,1.0,3658.0,2.375,True
2026-07-31,BGW-014,4.65,90.0,41.2,454.2,4207.1,1.0,3658.0,2.375,True
2026-08-01,BGW-014,4.07,95.0,48.0,454.2,4207.1,1.0,3658.0,2.375,True
2026-08-02,BGW-014,4.45,70.0,39.1,454.2,4207.1,1.0,3658.0,2.375,True
2026-08-03,BGW-014,4.05,85.0,43.1,454.2,4207.1,1.0,3658.0,2.375,True
2026-08-04,BGW-014,4.08,80.0,37.3,454.2,4207.1,1.0,3658.0,2.375,True
2026-08-05,BGW-014,4.25,105.0,39.7,454.2,4207.1,1.0,3658.0,2.375,True
2026-08-06,BGW-014,4.66,115.0,38.5,454.2,4207.1,1.0,3658.0,2.375,True
2026-08-07,BGW-014,4.32,100.0,40.4,454.2,4207.1,1.0,3658.0,2.375,True
2026-08-08,BGW-014,4.25,105.0,37.9,454.2,4207.1,1.0,3658.0,2.375,True
2026-08-09,BGW-014,4.65,75.0,43.9,454.2,4207.1,1.0,3658.0,2.375,True
2026-08-10,BGW-014,3.89,95.0,45.7,454.2,4207.1,1.0,3658.0,2.375,True
2026-08-11,BGW-014,4.47,95.0,45.5,454.2,4207.1,1.0,3658.0,2.375,True
2026-08-12,BGW-014,3.68,95.0,44.1,454.2,4207.1,1.0,3658.0,2.375,True
2026-08-13,BGW-014,4.07,105.0,43.6,454.2,4207.1,1.0,3658.0,2.375,True
2026-08-14,BGW-014,4.38,115.0,39.9,454.2,4207.1,1.0,3658.0,2.375,True
2026-08-15,BGW-014,4.59,90.0,40.3,454.2,4207.1,1.0,3658.0,2.375,True
2026-08-16,BGW-014,4.31,115.0,38.6,454.2,4207.1,1.0,3658.0,2.375,True
2026-08-17,BGW-014,3.5,75.0,35.6,454.2,4207.1,1.0,3658.0,2.375,True
2026-08-18,BGW-014,4.24,90.0,41.2,454.2,4207.1,1.0,3658.0,2.375,True
2026-08-19,BGW-014,3.5,105.0,37.2,454.2,4207.1,1.0,3658.0,2.375,True
2026-08-20,BGW-014,4.57,85.0,39.3,454.2,4207.1,1.0,3658.0,2.375,True
2026-08-21,BGW-014,4.71,105.0,45.3,454.2,4207.1,1.0,3658.0,2.375,True
2026-08-22,BGW-014,4.75,80.0,42.8,454.2,4207.1,1.0,3658.0,2.375,True
2026-08-23,BGW-014,4.7,110.0,44.6,454.2,4207.1,1.0,3658.0,2.375,True
2026-08-24,BGW-014,4.73,75.0,37.8,454.2,4207.1,1.0,3658.0,2.375,True
2026-08-25,BGW-014,4.0,105.0,40.2,454.2,4207.1,1.0,3658.0,2.375,True
2026-08-26,BGW-014,4.23,95.0,46.4,454.2,4207.1,1.0,3658.0,2.375,True
2026-07-28,BGW-016,5.33,80.0,44.2,842.6,3779.5,0.875,3309.1,3.5,True
2026-07-29,BGW-016,6.55,80.0,37.3,842.6,3779.5,0.875,3309.1,3.5,True
2026-07-30,BGW-016,5.33,115.0,43.4,842.6,3779.5,0.875,3309.1,3.5,True
2026-07-31,BGW-016,6.04,100.0,45.8,842.6,3779.5,0.875,3309.1,3.5,True
2026-08-01,BGW-016,5.22,90.0,42.0,842.6,3779.5,0.875,3309.1,3.5,True
2026-08-02,BGW-016,4.85,75.0,36.7,842.6,3779.5,0.875,3309.1,3.5,True
2026-08-03,BGW-016,5.89,95.0,42.6,842.6,3779.5,0.875,3309.1,3.5,True
2026-08-04,BGW-016,5.26,115.0,42.2,842.6,3779.5,0.875,3309.1,3.5,True
2026-08-05,BGW-016,6.28,75.0,44.1,842.6,3779.5,0.875,3309.1,3.5,True
2026-08-06,BGW-016,5.49,95.0,38.7,842.6,3779.5,0.875,3309.1,3.5,True
2026-08-07,BGW-016,5.88,100.0,41.0,842.6,3779.5,0.875,3309.1,3.5,True
2026-08-08,BGW-016,5.45,100.0,41.7,842.6,3779.5,0.875,3309.1,3.5,True
2026-08-09,BGW-016,5.12,85.0,44.3,842.6,3779.5,0.875,3309.1,3.5,True
2026-08-10,BGW-016,5.85,80.0,48.0,842.6,3779.5,0.875,3309.1,3.5,True
2026-08-11,BGW-016,5.88,90.0,38.8,842.6,3779.5,0.875,3309.1,3.5,True
2026-08-12,BGW-016,5.82,80.0,46.0,842.6,3779.5,0.875,3309.1,3.5,True
2026-08-13,BGW-016,6.02,95.0,38.8,842.6,3779.5,0.875,3309.1,3.5,True
2026-08-14,BGW-016,6.56,105.0,40.2,842.6,3779.5,0.875,3309.1,3.5,True
2026-08-15,BGW-016,5.74,110.0,46.2,842.6,3779.5,0.875,3309.1,3.5,True
2026-08-16,BGW-016,5.57,100.0,42.2,842.6,3779.5,0.875,3309.1,3.5,True
2026-08-17,BGW-016,5.3,95.0,43.8,842.6,3779.5,0.875,3309.1,3.5,True
2026-08-18,BGW-016,5.76,95.0,45.4,842.6,3779.5,0.875,3309.1,3.5,True
2026-08-19,BGW-016,5.69,110.0,39.9,842.6,3779.5,0.875,3309.1,3.5,True
2026-08-20,BGW-016,5.56,115.0,43.4,842.6,3779.5,0.875,3309.1,3.5,True
2026-08-21,BGW-016,5.54,105.0,39.2,842.6,3779.5,0.875,3309.1,3.5,True
2026-08-22,BGW-016,5.82,75.0,42.6,842.6,3779.5,0.875,3309.1,3.5,True
2026-08-23,BGW-016,6.02,70.0,43.9,842.6,3779.5,0.875,3309.1,3.5,True
2026-08-24,BGW-016,6.39,115.0,38.2,842.6,3779.5,0.875,3309.1,3.5,True
2026-08-25,BGW-016,5.51,95.0,41.6,842.6,3779.5,0.875,3309.1,3.5,True
2026-08-26,BGW-016,5.67,115.0,41.5,842.6,3779.5,0.875,3309.1,3.5,True
2026-07-28,BGW-017,4.29,100.0,38.3,840.9,4153.8,0.75,4091.8,2.875,True
2026-07-29,BGW-017,4.03,85.0,38.3,840.9,4153.8,0.75,4091.8,2.875,True
2026-07-30,BGW-017,4.15,100.0,35.4,840.9,4153.8,0.75,4091.8,2.875,True
2026-07-31,BGW-017,3.98,95.0,40.1,840.9,4153.8,0.75,4091.8,2.875,True
2026-08-01,BGW-017,4.13,95.0,40.2,840.9,4153.8,0.75,4091.8,2.875,True
2026-08-02,BGW-017,4.14,115.0,37.7,840.9,4153.8,0.75,4091.8,2.875,True
2026-08-03,BGW-017,3.83,110.0,42.6,840.9,4153.8,0.75,4091.8,2.875,True
2026-08-04,BGW-017,3.51,95.0,47.1,840.9,4153.8,0.75,4091.8,2.875,True
2026-08-05,BGW-017,3.94,110.0,42.3,840.9,4153.8,0.75,4091.8,2.875,True
2026-08-06,BGW-017,3.82,75.0,44.5,840.9,4153.8,0.75,4091.8,2.875,True
2026-08-07,BGW-017,3.84,70.0,42.6,840.9,4153.8,0.75,4091.8,2.875,True
2026-08-08,BGW-017,3.68,85.0,45.4,840.9,4153.8,0.75,4091.8,2.875,True
2026-08-09,BGW-017,4.05,85.0,43.2,840.9,4153.8,0.75,4091.8,2.875,True
2026-08-10,BGW-017,4.19,75.0,43.9,840.9,4153.8,0.75,4091.8,2.875,True
2026-08-11,BGW-017,4.1,95.0,42.2,840.9,4153.8,0.75,4091.8,2.875,True
2026-08-12,BGW-017,4.08,90.0,41.1,840.9,4153.8,0.75,4091.8,2.875,True
2026-08-13,BGW-017,4.15,70.0,42.5,840.9,4153.8,0.75,4091.8,2.875,True
2026-08-14,BGW-017,3.84,115.0,40.3,840.9,4153.8,0.75,4091.8,2.875,True
2026-08-15,BGW-017,3.85,105.0,37.6,840.9,4153.8,0.75,4091.8,2.875,True
2026-08-16,BGW-017,3.81,100.0,39.6,840.9,4153.8,0.75,4091.8,2.875,True
2026-08-17,BGW-017,4.38,70.0,39.5,840.9,4153.8,0.75,4091.8,2.875,True
2026-08-18,BGW-017,3.8,70.0,42.3,840.9,4153.8,0.75,4091.8,2.875,True
2026-08-19,BGW-017,4.5,115.0,40.0,840.9,4153.8,0.75,4091.8,2.875,True
2026-08-20,BGW-017,3.76,70.0,41.1,840.9,4153.8,0.75,4091.8,2.875,True
2026-08-21,BGW-017,4.93,85.0,39.5,840.9,4153.8,0.75,4091.8,2.875,True
2026-08-22,BGW-017,4.0,105.0,37.7,840.9,4153.8,0.75,4091.8,2.875,True
2026-08-23,BGW-017,3.88,80.0,44.0,840.9,4153.8,0.75,4091.8,2.875,True
2026-08-24,BGW-017,4.21,80.0,36.7,840.9,4153.8,0.75,4091.8,2.875,True
2026-08-25,BGW-017,3.51,105.0,45.2,840.9,4153.8,0.75,4091.8,2.875,True
2026-08-26,BGW-017,4.07,90.0,43.0,840.9,4153.8,0.75,4091.8,2.875,True
2026-07-28,BGW-018,4.49,100.0,49.7,791.6,3392.5,1.0,4165.1,2.375,True
2026-07-29,BGW-018,4.96,70.0,39.0,791.6,3392.5,1.0,4165.1,2.375,True
2026-07-30,BGW-018,4.95,110.0,40.3,791.6,3392.5,1.0,4165.1,2.375,True
2026-07-31,BGW-018,5.23,90.0,41.2,791.6,3392.5,1.0,4165.1,2.375,True
2026-08-01,BGW-018,5.72,115.0,38.0,791.6,3392.5,1.0,4165.1,2.375,True
2026-08-02,BGW-018,5.13,110.0,39.2,791.6,3392.5,1.0,4165.1,2.375,True
2026-08-03,BGW-018,5.29,100.0,42.4,791.6,3392.5,1.0,4165.1,2.375,True
2026-08-04,BGW-018,4.98,100.0,40.7,791.6,3392.5,1.0,4165.1,2.375,True
2026-08-05,BGW-018,5.46,115.0,42.0,791.6,3392.5,1.0,4165.1,2.375,True
2026-08-06,BGW-018,5.04,80.0,42.9,791.6,3392.5,1.0,4165.1,2.375,True
2026-08-07,BGW-018,4.85,85.0,43.1,791.6,3392.5,1.0,4165.1,2.375,True
2026-08-08,BGW-018,4.87,115.0,42.1,791.6,3392.5,1.0,4165.1,2.375,True
2026-08-09,BGW-018,5.6,105.0,43.5,791.6,3392.5,1.0,4165.1,2.375,True
2026-08-10,BGW-018,5.37,80.0,43.0,791.6,3392.5,1.0,4165.1,2.375,True
2026-08-11,BGW-018,4.97,70.0,43.5,791.6,3392.5,1.0,4165.1,2.375,True
2026-08-12,BGW-018,4.31,100.0,42.2,791.6,3392.5,1.0,4165.1,2.375,True
2026-08-13,BGW-018,4.41,90.0,43.3,791.6,3392.5,1.0,4165.1,2.375,True
2026-08-14,BGW-018,5.34,80.0,44.1,791.6,3392.5,1.0,4165.1,2.375,True
2026-08-15,BGW-018,5.08,110.0,36.4,791.6,3392.5,1.0,4165.1,2.375,True
2026-08-16,BGW-018,5.47,80.0,37.6,791.6,3392.5,1.0,4165.1,2.375,True
2026-08-17,BGW-018,4.8,90.0,41.9,791.6,3392.5,1.0,4165.1,2.375,True
2026-08-18,BGW-018,4.97,75.0,44.9,791.6,3392.5,1.0,4165.1,2.375,True
2026-08-19,BGW-018,5.17,95.0,49.2,791.6,3392.5,1.0,4165.1,2.375,True
2026-08-20,BGW-018,4.94,115.0,42.0,791.6,3392.5,1.0,4165.1,2.375,True
2026-08-21,BGW-018,4.65,115.0,39.4,791.6,3392.5,1.0,4165.1,2.375,True
2026-08-22,BGW-018,4.67,75.0,40.5,791.6,3392.5,1.0,4165.1,2.375,True
2026-08-23,BGW-018,4.53,110.0,44.4,791.6,3392.5,1.0,4165.1,2.375,True
2026-08-24,BGW-018,4.84,100.0,37.9,791.6,3392.5,1.0,4165.1,2.375,True
2026-08-25,BGW-018,4.63,95.0,43.1,791.6,3392.5,1.0,4165.1,2.375,True
2026-08-26,BGW-018,4.46,85.0,45.2,791.6,3392.5,1.0,4165.1,2.375,True
2026-07-28,BGW-019,4.86,105.0,42.6,446.8,3748.6,0.75,3339.5,3.5,True
2026-07-29,BGW-019,4.15,110.0,38.9,446.8,3748.6,0.75,3339.5,3.5,True
2026-07-30,BGW-019,5.32,90.0,42.3,446.8,3748.6,0.75,3339.5,3.5,True
2026-07-31,BGW-019,4.62,95.0,39.8,446.8,3748.6,0.75,3339.5,3.5,True
2026-08-01,BGW-019,4.92,70.0,41.7,446.8,3748.6,0.75,3339.5,3.5,True
2026-08-02,BGW-019,5.4,80.0,39.2,446.8,3748.6,0.75,3339.5,3.5,True
2026-08-03,BGW-019,4.98,110.0,39.3,446.8,3748.6,0.75,3339.5,3.5,True
2026-08-04,BGW-019,5.32,100.0,43.2,446.8,3748.6,0.75,3339.5,3.5,True
2026-08-05,BGW-019,4.87,80.0,43.6,446.8,3748.6,0.75,3339.5,3.5,True
2026-08-06,BGW-019,5.02,90.0,42.4,446.8,3748.6,0.75,3339.5,3.5,True
2026-08-07,BGW-019,4.43,90.0,43.3,446.8,3748.6,0.75,3339.5,3.5,True
2026-08-08,BGW-019,5.18,85.0,40.1,446.8,3748.6,0.75,3339.5,3.5,True
2026-08-09,BGW-019,4.79,80.0,39.4,446.8,3748.6,0.75,3339.5,3.5,True
2026-08-10,BGW-019,4.85,80.0,38.8,446.8,3748.6,0.75,3339.5,3.5,True
2026-08-11,BGW-019,4.59,90.0,44.3,446.8,3748.6,0.75,3339.5,3.5,True
2026-08-12,BGW-019,4.28,105.0,36.9,446.8,3748.6,0.75,3339.5,3.5,True
2026-08-13,BGW-019,4.76,80.0,42.4,446.8,3748.6,0.75,3339.5,3.5,True
2026-08-14,BGW-019,5.13,90.0,39.3,446.8,3748.6,0.75,3339.5,3.5,True
2026-08-15,BGW-019,5.04,85.0,43.9,446.8,3748.6,0.75,3339.5,3.5,True
2026-08-16,BGW-019,4.91,70.0,45.0,446.8,3748.6,0.75,3339.5,3.5,True
2026-08-17,BGW-019,4.96,110.0,42.1,446.8,3748.6,0.75,3339.5,3.5,True
2026-08-18,BGW-019,5.07,90.0,47.2,446.8,3748.6,0.75,3339.5,3.5,True
2026-08-19,BGW-019,4.82,85.0,38.0,446.8,3748.6,0.75,3339.5,3.5,True
2026-08-20,BGW-019,4.78,115.0,44.9,446.8,3748.6,0.75,3339.5,3.5,True
2026-08-21,BGW-019,5.06,75.0,36.0,446.8,3748.6,0.75,3339.5,3.5,True
2026-08-22,BGW-019,4.05,100.0,40.4,446.8,3748.6,0.75,3339.5,3.5,True
2026-08-23,BGW-019,4.15,75.0,40.6,446.8,3748.6,0.75,3339.5,3.5,True
2026-08-24,BGW-019,4.64,115.0,46.0,446.8,3748.6,0.75,3339.5,3.5,True
2026-08-25,BGW-019,4.83,100.0,44.4,446.8,3748.6,0.75,3339.5,3.5,True
2026-08-26,BGW-019,4.75,100.0,41.5,446.8,3748.6,0.75,3339.5,3.5,True
2026-07-28,BGW-021,5.11,95.0,43.9,416.9,3679.8,0.875,4060.3,2.375,True
2026-07-29,BGW-021,5.87,105.0,40.5,416.9,3679.8,0.875,4060.3,2.375,True
2026-07-30,BGW-021,5.42,105.0,38.2,416.9,3679.8,0.875,4060.3,2.375,True
2026-07-31,BGW-021,4.94,110.0,41.5,416.9,3679.8,0.875,4060.3,2.375,True
2026-08-01,BGW-021,5.42,95.0,40.4,416.9,3679.8,0.875,4060.3,2.375,True
2026-08-02,BGW-021,5.35,75.0,42.5,416.9,3679.8,0.875,4060.3,2.375,True
2026-08-03,BGW-021,5.8,100.0,38.9,416.9,3679.8,0.875,4060.3,2.375,True
2026-08-04,BGW-021,5.76,95.0,46.4,416.9,3679.8,0.875,4060.3,2.375,True
2026-08-05,BGW-021,5.97,105.0,41.7,416.9,3679.8,0.875,4060.3,2.375,True
2026-08-06,BGW-021,6.2,70.0,38.7,416.9,3679.8,0.875,4060.3,2.375,True
2026-08-07,BGW-021,5.77,105.0,44.3,416.9,3679.8,0.875,4060.3,2.375,True
2026-08-08,BGW-021,5.61,75.0,39.4,416.9,3679.8,0.875,4060.3,2.375,True
2026-08-09,BGW-021,5.53,70.0,41.3,416.9,3679.8,0.875,4060.3,2.375,True
2026-08-10,BGW-021,4.92,110.0,40.5,416.9,3679.8,0.875,4060.3,2.375,True
2026-08-11,BGW-021,5.59,90.0,43.1,416.9,3679.8,0.875,4060.3,2.375,True
2026-08-12,BGW-021,5.35,95.0,42.7,416.9,3679.8,0.875,4060.3,2.375,True
2026-08-13,BGW-021,5.71,100.0,42.9,416.9,3679.8,0.875,4060.3,2.375,True
2026-08-14,BGW-021,5.61,75.0,43.1,416.9,3679.8,0.875,4060.3,2.375,True
2026-08-15,BGW-021,5.94,110.0,41.3,416.9,3679.8,0.875,4060.3,2.375,True
2026-08-16,BGW-021,6.0,95.0,39.1,416.9,3679.8,0.875,4060.3,2.375,True
2026-08-17,BGW-021,4.91,115.0,42.7,416.9,3679.8,0.875,4060.3,2.375,True
2026-08-18,BGW-021,5.42,90.0,45.5,416.9,3679.8,0.875,4060.3,2.375,True
2026-08-19,BGW-021,5.54,100.0,47.5,416.9,3679.8,0.875,4060.3,2.375,True
2026-08-20,BGW-021,5.2,85.0,40.1,416.9,3679.8,0.875,4060.3,2.375,True
2026-08-21,BGW-021,5.71,90.0,40.2,416.9,3679.8,0.875,4060.3,2.375,True
2026-08-22,BGW-021,6.08,110.0,42.7,416.9,3679.8,0.875,4060.3,2.375,True
2026-08-23,BGW-021,5.51,90.0,43.6,416.9,3679.8,0.875,4060.3,2.375,True
2026-08-24,BGW-021,5.93,115.0,40.9,416.9,3679.8,0.875,4060.3,2.375,True
2026-08-25,BGW-021,6.14,85.0,42.4,416.9,3679.8,0.875,4060.3,2.375,True
2026-08-26,BGW-021,5.21,105.0,43.7,416.9,3679.8,0.875,4060.3,2.375,True
2026-07-28,BGW-022,4.61,70.0,38.3,625.7,3648.7,1.0,4284.3,2.875,True
2026-07-29,BGW-022,4.97,80.0,42.8,625.7,3648.7,1.0,4284.3,2.875,True
2026-07-30,BGW-022,4.52,85.0,41.0,625.7,3648.7,1.0,4284.3,2.875,True
2026-07-31,BGW-022,4.72,85.0,41.3,625.7,3648.7,1.0,4284.3,2.875,True
2026-08-01,BGW-022,4.02,95.0,44.5,625.7,3648.7,1.0,4284.3,2.875,True
2026-08-02,BGW-022,4.62,110.0,42.5,625.7,3648.7,1.0,4284.3,2.875,True
2026-08-03,BGW-022,4.52,75.0,44.5,625.7,3648.7,1.0,4284.3,2.875,True
2026-08-04,BGW-022,4.32,100.0,41.8,625.7,3648.7,1.0,4284.3,2.875,True
2026-08-05,BGW-022,4.25,80.0,38.5,625.7,3648.7,1.0,4284.3,2.875,True
2026-08-06,BGW-022,4.18,85.0,42.9,625.7,3648.7,1.0,4284.3,2.875,True
2026-08-07,BGW-022,4.95,115.0,44.0,625.7,3648.7,1.0,4284.3,2.875,True
2026-08-08,BGW-022,4.92,100.0,47.1,625.7,3648.7,1.0,4284.3,2.875,True
2026-08-09,BGW-022,4.11,70.0,36.1,625.7,3648.7,1.0,4284.3,2.875,True
2026-08-10,BGW-022,4.44,100.0,38.0,625.7,3648.7,1.0,4284.3,2.875,True
2026-08-11,BGW-022,4.83,105.0,40.6,625.7,3648.7,1.0,4284.3,2.875,True
2026-08-12,BGW-022,4.57,95.0,38.1,625.7,3648.7,1.0,4284.3,2.875,True
2026-08-13,BGW-022,4.9,105.0,43.1,625.7,3648.7,1.0,4284.3,2.875,True
2026-08-14,BGW-022,4.75,70.0,39.8,625.7,3648.7,1.0,4284.3,2.875,True
2026-08-15,BGW-022,4.77,105.0,46.9,625.7,3648.7,1.0,4284.3,2.875,True
2026-08-16,BGW-022,4.37,90.0,44.7,625.7,3648.7,1.0,4284.3,2.875,True
2026-08-17,BGW-022,3.7,75.0,39.8,625.7,3648.7,1.0,4284.3,2.875,True
2026-08-18,BGW-022,4.35,105.0,42.9,625.7,3648.7,1.0,4284.3,2.875,True
2026-08-19,BGW-022,4.69,100.0,43.5,625.7,3648.7,1.0,4284.3,2.875,True
2026-08-20,BGW-022,4.87,75.0,48.2,625.7,3648.7,1.0,4284.3,2.875,True
2026-08-21,BGW-022,4.3,105.0,45.1,625.7,3648.7,1.0,4284.3,2.875,True
2026-08-22,BGW-022,4.41,90.0,42.4,625.7,3648.7,1.0,4284.3,2.875,True
2026-08-23,BGW-022,4.18,110.0,44.3,625.7,3648.7,1.0,4284.3,2.875,True
2026-08-24,BGW-022,4.69,70.0,46.5,625.7,3648.7,1.0,4284.3,2.875,True
2026-08-25,BGW-022,3.94,70.0,42.1,625.7,3648.7,1.0,4284.3,2.875,True
2026-08-26,BGW-022,4.24,90.0,45.3,625.7,3648.7,1.0,4284.3,2.875,True
2026-07-28,BGW-025,5.03,105.0,40.3,813.4,3610.6,0.75,4415.8,3.5,True
2026-07-29,BGW-025,4.31,75.0,42.5,813.4,3610.6,0.75,4415.8,3.5,True
2026-07-30,BGW-025,5.17,105.0,42.6,813.4,3610.6,0.75,4415.8,3.5,True
2026-07-31,BGW-025,4.82,80.0,47.9,813.4,3610.6,0.75,4415.8,3.5,True
2026-08-01,BGW-025,5.16,105.0,44.1,813.4,3610.6,0.75,4415.8,3.5,True
2026-08-02,BGW-025,4.65,85.0,43.6,813.4,3610.6,0.75,4415.8,3.5,True
2026-08-03,BGW-025,4.34,110.0,35.9,813.4,3610.6,0.75,4415.8,3.5,True
2026-08-04,BGW-025,4.79,105.0,46.9,813.4,3610.6,0.75,4415.8,3.5,True
2026-08-05,BGW-025,4.67,80.0,42.0,813.4,3610.6,0.75,4415.8,3.5,True
2026-08-06,BGW-025,4.71,80.0,44.0,813.4,3610.6,0.75,4415.8,3.5,True
2026-08-07,BGW-025,4.41,80.0,41.3,813.4,3610.6,0.75,4415.8,3.5,True
2026-08-08,BGW-025,4.45,105.0,44.3,813.4,3610.6,0.75,4415.8,3.5,True
2026-08-09,BGW-025,4.81,115.0,44.9,813.4,3610.6,0.75,4415.8,3.5,True
2026-08-10,BGW-025,5.36,105.0,41.5,813.4,3610.6,0.75,4415.8,3.5,True
2026-08-11,BGW-025,4.85,115.0,47.4,813.4,3610.6,0.75,4415.8,3.5,True
2026-08-12,BGW-025,4.82,75.0,46.0,813.4,3610.6,0.75,4415.8,3.5,True
2026-08-13,BGW-025,4.98,105.0,41.6,813.4,3610.6,0.75,4415.8,3.5,True
2026-08-14,BGW-025,4.71,95.0,46.2,813.4,3610.6,0.75,4415.8,3.5,True
2026-08-15,BGW-025,5.44,110.0,40.9,813.4,3610.6,0.75,4415.8,3.5,True
2026-08-16,BGW-025,4.46,115.0,41.8,813.4,3610.6,0.75,4415.8,3.5,True
2026-08-17,BGW-025,4.31,110.0,43.9,813.4,3610.6,0.75,4415.8,3.5,True
2026-08-18,BGW-025,4.82,105.0,37.5,813.4,3610.6,0.75,4415.8,3.5,True
2026-08-19,BGW-025,4.27,105.0,47.1,813.4,3610.6,0.75,4415.8,3.5,True
2026-08-20,BGW-025,4.4,90.0,48.2,813.4,3610.6,0.75,4415.8,3.5,True
2026-08-21,BGW-025,4.55,90.0,41.1,813.4,3610.6,0.75,4415.8,3.5,True
2026-08-22,BGW-025,4.57,75.0,40.7,813.4,3610.6,0.75,4415.8,3.5,True
2026-08-23,BGW-025,4.71,90.0,36.5,813.4,3610.6,0.75,4415.8,3.5,True
2026-08-24,BGW-025,5.08,85.0,45.0,813.4,3610.6,0.75,4415.8,3.5,True
2026-08-25,BGW-025,4.86,85.0,42.1,813.4,3610.6,0.75,4415.8,3.5,True
2026-08-26,BGW-025,4.4,90.0,37.1,813.4,3610.6,0.75,4415.8,3.5,True
2026-07-28,BGW-026,5.32,100.0,43.2,749.3,3999.4,1.0,4269.3,3.5,True
2026-07-29,BGW-026,5.23,75.0,42.6,749.3,3999.4,1.0,4269.3,3.5,True
2026-07-30,BGW-026,5.37,85.0,43.2,749.3,3999.4,1.0,4269.3,3.5,True
2026-07-31,BGW-026,5.23,100.0,41.3,749.3,3999.4,1.0,4269.3,3.5,True
2026-08-01,BGW-026,5.54,115.0,46.8,749.3,3999.4,1.0,4269.3,3.5,True
2026-08-02,BGW-026,5.39,90.0,42.7,749.3,3999.4,1.0,4269.3,3.5,True
2026-08-03,BGW-026,5.54,80.0,44.5,749.3,3999.4,1.0,4269.3,3.5,True
2026-08-04,BGW-026,5.32,110.0,42.3,749.3,3999.4,1.0,4269.3,3.5,True
2026-08-05,BGW-026,4.86,110.0,39.8,749.3,3999.4,1.0,4269.3,3.5,True
2026-08-06,BGW-026,5.2,95.0,45.7,749.3,3999.4,1.0,4269.3,3.5,True
2026-08-07,BGW-026,5.22,90.0,43.0,749.3,3999.4,1.0,4269.3,3.5,True
2026-08-08,BGW-026,5.21,85.0,38.2,749.3,3999.4,1.0,4269.3,3.5,True
2026-08-09,BGW-026,5.33,105.0,45.8,749.3,3999.4,1.0,4269.3,3.5,True
2026-08-10,BGW-026,5.19,70.0,37.9,749.3,3999.4,1.0,4269.3,3.5,True
2026-08-11,BGW-026,5.55,105.0,41.1,749.3,3999.4,1.0,4269.3,3.5,True
2026-08-12,BGW-026,4.77,100.0,38.4,749.3,3999.4,1.0,4269.3,3.5,True
2026-08-13,BGW-026,5.04,80.0,45.3,749.3,3999.4,1.0,4269.3,3.5,True
2026-08-14,BGW-026,5.6,115.0,43.7,749.3,3999.4,1.0,4269.3,3.5,True
2026-08-15,BGW-026,5.39,85.0,39.5,749.3,3999.4,1.0,4269.3,3.5,True
2026-08-16,BGW-026,5.44,100.0,44.0,749.3,3999.4,1.0,4269.3,3.5,True
2026-08-17,BGW-026,5.33,70.0,42.9,749.3,3999.4,1.0,4269.3,3.5,True
2026-08-18,BGW-026,5.73,95.0,43.2,749.3,3999.4,1.0,4269.3,3.5,True
2026-08-19,BGW-026,5.81,115.0,40.1,749.3,3999.4,1.0,4269.3,3.5,True
2026-08-20,BGW-026,4.88,90.0,45.0,749.3,3999.4,1.0,4269.3,3.5,True
2026-08-21,BGW-026,5.1,110.0,42.0,749.3,3999.4,1.0,4269.3,3.5,True
2026-08-22,BGW-026,5.07,95.0,40.7,749.3,3999.4,1.0,4269.3,3.5,True
2026-08-23,BGW-026,5.43,75.0,43.6,749.3,3999.4,1.0,4269.3,3.5,True
2026-08-24,BGW-026,5.05,80.0,37.1,749.3,3999.4,1.0,4269.3,3.5,True
2026-08-25,BGW-026,5.7,80.0,40.4,749.3,3999.4,1.0,4269.3,3.5,True
2026-08-26,BGW-026,5.44,100.0,43.9,749.3,3999.4,1.0,4269.3,3.5,True
2026-07-28,BGW-028,5.6,85.0,44.5,867.8,3501.0,0.75,4394.9,3.5,True
2026-07-29,BGW-028,6.24,115.0,43.5,867.8,3501.0,0.75,4394.9,3.5,True
2026-07-30,BGW-028,5.9,80.0,39.6,867.8,3501.0,0.75,4394.9,3.5,True
2026-07-31,BGW-028,6.06,110.0,46.1,867.8,3501.0,0.75,4394.9,3.5,True
2026-08-01,BGW-028,5.96,95.0,47.7,867.8,3501.0,0.75,4394.9,3.5,True
2026-08-02,BGW-028,5.67,110.0,42.0,867.8,3501.0,0.75,4394.9,3.5,True
2026-08-03,BGW-028,5.8,85.0,42.5,867.8,3501.0,0.75,4394.9,3.5,True
2026-08-04,BGW-028,6.11,90.0,44.1,867.8,3501.0,0.75,4394.9,3.5,True
2026-08-05,BGW-028,5.79,85.0,42.3,867.8,3501.0,0.75,4394.9,3.5,True
2026-08-06,BGW-028,6.08,75.0,40.2,867.8,3501.0,0.75,4394.9,3.5,True
2026-08-07,BGW-028,5.7,95.0,40.8,867.8,3501.0,0.75,4394.9,3.5,True
2026-08-08,BGW-028,5.13,75.0,38.8,867.8,3501.0,0.75,4394.9,3.5,True
2026-08-09,BGW-028,6.01,95.0,42.4,867.8,3501.0,0.75,4394.9,3.5,True
2026-08-10,BGW-028,5.81,105.0,37.5,867.8,3501.0,0.75,4394.9,3.5,True
2026-08-11,BGW-028,5.71,90.0,39.9,867.8,3501.0,0.75,4394.9,3.5,True
2026-08-12,BGW-028,5.8,110.0,42.3,867.8,3501.0,0.75,4394.9,3.5,True
2026-08-13,BGW-028,6.23,115.0,42.5,867.8,3501.0,0.75,4394.9,3.5,True
2026-08-14,BGW-028,6.51,75.0,40.2,867.8,3501.0,0.75,4394.9,3.5,True
2026-08-15,BGW-028,6.16,70.0,42.8,867.8,3501.0,0.75,4394.9,3.5,True
2026-08-16,BGW-028,5.61,105.0,41.7,867.8,3501.0,0.75,4394.9,3.5,True
2026-08-17,BGW-028,5.49,75.0,42.0,867.8,3501.0,0.75,4394.9,3.5,True
2026-08-18,BGW-028,5.78,90.0,43.7,867.8,3501.0,0.75,4394.9,3.5,True
2026-08-19,BGW-028,5.66,95.0,44.2,867.8,3501.0,0.75,4394.9,3.5,True
2026-08-20,BGW-028,5.95,70.0,41.8,867.8,3501.0,0.75,4394.9,3.5,True
2026-08-21,BGW-028,5.81,85.0,42.8,867.8,3501.0,0.75,4394.9,3.5,True
2026-08-22,BGW-028,5.92,115.0,40.7,867.8,3501.0,0.75,4394.9,3.5,True
2026-08-23,BGW-028,6.04,105.0,39.9,867.8,3501.0,0.75,4394.9,3.5,True
2026-08-24,BGW-028,5.78,105.0,44.0,867.8,3501.0,0.75,4394.9,3.5,True
2026-08-25,BGW-028,5.56,75.0,43.7,867.8,3501.0,0.75,4394.9,3.5,True
2026-08-26,BGW-028,5.94,75.0,49.1,867.8,3501.0,0.75,4394.9,3.5,True
2026-07-28,BGW-029,4.32,100.0,46.3,573.6,4358.3,1.0,4374.2,2.875,True
2026-07-29,BGW-029,3.81,70.0,40.6,573.6,4358.3,1.0,4374.2,2.875,True
2026-07-30,BGW-029,3.74,95.0,42.1,573.6,4358.3,1.0,4374.2,2.875,True
2026-07-31,BGW-029,3.85,70.0,39.2,573.6,4358.3,1.0,4374.2,2.875,True
2026-08-01,BGW-029,4.08,90.0,36.7,573.6,4358.3,1.0,4374.2,2.875,True
2026-08-02,BGW-029,4.14,80.0,43.2,573.6,4358.3,1.0,4374.2,2.875,True
2026-08-03,BGW-029,3.94,80.0,39.3,573.6,4358.3,1.0,4374.2,2.875,True
2026-08-04,BGW-029,4.41,80.0,43.5,573.6,4358.3,1.0,4374.2,2.875,True
2026-08-05,BGW-029,4.4,105.0,36.3,573.6,4358.3,1.0,4374.2,2.875,True
2026-08-06,BGW-029,5.04,80.0,40.0,573.6,4358.3,1.0,4374.2,2.875,True
2026-08-07,BGW-029,4.4,75.0,39.0,573.6,4358.3,1.0,4374.2,2.875,True
2026-08-08,BGW-029,4.5,75.0,38.5,573.6,4358.3,1.0,4374.2,2.875,True
2026-08-09,BGW-029,4.38,110.0,39.2,573.6,4358.3,1.0,4374.2,2.875,True
2026-08-10,BGW-029,4.34,80.0,40.4,573.6,4358.3,1.0,4374.2,2.875,True
2026-08-11,BGW-029,4.82,80.0,43.2,573.6,4358.3,1.0,4374.2,2.875,True
2026-08-12,BGW-029,3.62,105.0,42.8,573.6,4358.3,1.0,4374.2,2.875,True
2026-08-13,BGW-029,3.93,90.0,44.9,573.6,4358.3,1.0,4374.2,2.875,True
2026-08-14,BGW-029,3.76,70.0,42.2,573.6,4358.3,1.0,4374.2,2.875,True
2026-08-15,BGW-029,4.49,95.0,42.4,573.6,4358.3,1.0,4374.2,2.875,True
2026-08-16,BGW-029,3.94,70.0,41.1,573.6,4358.3,1.0,4374.2,2.875,True
2026-08-17,BGW-029,4.08,90.0,44.9,573.6,4358.3,1.0,4374.2,2.875,True
2026-08-18,BGW-029,4.2,115.0,35.0,573.6,4358.3,1.0,4374.2,2.875,True
2026-08-19,BGW-029,4.74,105.0,44.1,573.6,4358.3,1.0,4374.2,2.875,True
2026-08-20,BGW-029,3.92,110.0,43.5,573.6,4358.3,1.0,4374.2,2.875,True
2026-08-21,BGW-029,4.02,80.0,39.7,573.6,4358.3,1.0,4374.2,2.875,True
2026-08-22,BGW-029,3.97,85.0,40.7,573.6,4358.3,1.0,4374.2,2.875,True
2026-08-23,BGW-029,4.42,70.0,43.7,573.6,4358.3,1.0,4374.2,2.875,True
2026-08-24,BGW-029,4.41,95.0,48.3,573.6,4358.3,1.0,4374.2,2.875,True
2026-08-25,BGW-029,3.99,100.0,40.2,573.6,4358.3,1.0,4374.2,2.875,True
2026-08-26,BGW-029,4.12,85.0,43.1,573.6,4358.3,1.0,4374.2,2.875,True
2026-07-28,BGW-030,4.62,80.0,42.1,642.2,4106.2,0.75,4079.4,3.5,True
2026-07-29,BGW-030,4.49,80.0,43.0,642.2,4106.2,0.75,4079.4,3.5,True
2026-07-30,BGW-030,3.66,75.0,44.2,642.2,4106.2,0.75,4079.4,3.5,True
2026-07-31,BGW-030,4.51,90.0,42.1,642.2,4106.2,0.75,4079.4,3.5,True
2026-08-01,BGW-030,4.39,90.0,36.0,642.2,4106.2,0.75,4079.4,3.5,True
2026-08-02,BGW-030,3.98,90.0,46.2,642.2,4106.2,0.75,4079.4,3.5,True
2026-08-03,BGW-030,4.29,115.0,37.0,642.2,4106.2,0.75,4079.4,3.5,True
2026-08-04,BGW-030,4.86,110.0,42.2,642.2,4106.2,0.75,4079.4,3.5,True
2026-08-05,BGW-030,4.34,100.0,43.9,642.2,4106.2,0.75,4079.4,3.5,True
2026-08-06,BGW-030,4.52,110.0,37.0,642.2,4106.2,0.75,4079.4,3.5,True
2026-08-07,BGW-030,4.52,90.0,42.3,642.2,4106.2,0.75,4079.4,3.5,True
2026-08-08,BGW-030,3.98,85.0,37.2,642.2,4106.2,0.75,4079.4,3.5,True
2026-08-09,BGW-030,4.94,80.0,37.3,642.2,4106.2,0.75,4079.4,3.5,True
2026-08-10,BGW-030,5.09,105.0,40.4,642.2,4106.2,0.75,4079.4,3.5,True
2026-08-11,BGW-030,4.43,80.0,43.7,642.2,4106.2,0.75,4079.4,3.5,True
2026-08-12,BGW-030,4.08,85.0,40.7,642.2,4106.2,0.75,4079.4,3.5,True
2026-08-13,BGW-030,4.3,90.0,42.3,642.2,4106.2,0.75,4079.4,3.5,True
2026-08-14,BGW-030,5.24,110.0,37.3,642.2,4106.2,0.75,4079.4,3.5,True
2026-08-15,BGW-030,4.12,115.0,37.7,642.2,4106.2,0.75,4079.4,3.5,True
2026-08-16,BGW-030,4.17,85.0,42.2,642.2,4106.2,0.75,4079.4,3.5,True
2026-08-17,BGW-030,4.2,80.0,39.1,642.2,4106.2,0.75,4079.4,3.5,True
2026-08-18,BGW-030,4.51,75.0,39.1,642.2,4106.2,0.75,4079.4,3.5,True
2026-08-19,BGW-030,4.14,115.0,43.8,642.2,4106.2,0.75,4079.4,3.5,True
2026-08-20,BGW-030,4.09,110.0,41.0,642.2,4106.2,0.75,4079.4,3.5,True
2026-08-21,BGW-030,4.33,75.0,42.8,642.2,4106.2,0.75,4079.4,3.5,True
2026-08-22,BGW-030,4.66,110.0,42.6,642.2,4106.2,0.75,4079.4,3.5,True
2026-08-23,BGW-030,4.64,85.0,46.8,642.2,4106.2,0.75,4079.4,3.5,True
2026-08-24,BGW-030,4.78,85.0,43.8,642.2,4106.2,0.75,4079.4,3.5,True
2026-08-25,BGW-030,4.83,110.0,41.4,642.2,4106.2,0.75,4079.4,3.5,True
2026-08-26,BGW-030,3.85,110.0,50.0,642.2,4106.2,0.75,4079.4,3.5,True
2026-07-28,BGW-031,6.21,95.0,38.3,708.9,3454.4,0.75,3942.3,2.875,True
2026-07-29,BGW-031,6.9,80.0,42.2,708.9,3454.4,0.75,3942.3,2.875,True
2026-07-30,BGW-031,7.0,90.0,46.9,708.9,3454.4,0.75,3942.3,2.875,True
2026-07-31,BGW-031,6.53,70.0,44.0,708.9,3454.4,0.75,3942.3,2.875,True
2026-08-01,BGW-031,6.87,105.0,46.3,708.9,3454.4,0.75,3942.3,2.875,True
2026-08-02,BGW-031,6.32,70.0,38.8,708.9,3454.4,0.75,3942.3,2.875,True
2026-08-03,BGW-031,6.61,95.0,44.9,708.9,3454.4,0.75,3942.3,2.875,True
2026-08-04,BGW-031,7.0,70.0,42.6,708.9,3454.4,0.75,3942.3,2.875,True
2026-08-05,BGW-031,6.5,95.0,47.1,708.9,3454.4,0.75,3942.3,2.875,True
2026-08-06,BGW-031,6.11,95.0,41.5,708.9,3454.4,0.75,3942.3,2.875,True
2026-08-07,BGW-031,6.63,70.0,43.3,708.9,3454.4,0.75,3942.3,2.875,True
2026-08-08,BGW-031,6.88,95.0,42.9,708.9,3454.4,0.75,3942.3,2.875,True
2026-08-09,BGW-031,5.79,70.0,41.5,708.9,3454.4,0.75,3942.3,2.875,True
2026-08-10,BGW-031,6.32,100.0,42.8,708.9,3454.4,0.75,3942.3,2.875,True
2026-08-11,BGW-031,6.25,105.0,43.1,708.9,3454.4,0.75,3942.3,2.875,True
2026-08-12,BGW-031,6.89,95.0,40.3,708.9,3454.4,0.75,3942.3,2.875,True
2026-08-13,BGW-031,6.7,70.0,41.4,708.9,3454.4,0.75,3942.3,2.875,True
2026-08-14,BGW-031,6.4,105.0,46.8,708.9,3454.4,0.75,3942.3,2.875,True
2026-08-15,BGW-031,6.27,90.0,40.5,708.9,3454.4,0.75,3942.3,2.875,True
2026-08-16,BGW-031,6.86,95.0,43.9,708.9,3454.4,0.75,3942.3,2.875,True
2026-08-17,BGW-031,6.76,80.0,44.3,708.9,3454.4,0.75,3942.3,2.875,True
2026-08-18,BGW-031,6.21,105.0,47.7,708.9,3454.4,0.75,3942.3,2.875,True
2026-08-19,BGW-031,6.33,90.0,38.3,708.9,3454.4,0.75,3942.3,2.875,True
2026-08-20,BGW-031,6.44,115.0,42.6,708.9,3454.4,0.75,3942.3,2.875,True
2026-08-21,BGW-031,6.42,115.0,42.3,708.9,3454.4,0.75,3942.3,2.875,True
2026-08-22,BGW-031,6.58,70.0,46.3,708.9,3454.4,0.75,3942.3,2.875,True
2026-08-23,BGW-031,6.1,95.0,35.2,708.9,3454.4,0.75,3942.3,2.875,True
2026-08-24,BGW-031,6.33,100.0,41.2,708.9,3454.4,0.75,3942.3,2.875,True
2026-08-25,BGW-031,6.56,90.0,40.6,708.9,3454.4,0.75,3942.3,2.875,True
2026-08-26,BGW-031,5.73,80.0,46.2,708.9,3454.4,0.75,3942.3,2.875,True
2026-07-28,BGW-032,6.69,110.0,41.9,778.6,4273.8,0.875,3650.6,2.875,True
2026-07-29,BGW-032,5.62,75.0,45.4,778.6,4273.8,0.875,3650.6,2.875,True
2026-07-30,BGW-032,6.38,90.0,44.5,778.6,4273.8,0.875,3650.6,2.875,True
2026-07-31,BGW-032,6.59,100.0,43.6,778.6,4273.8,0.875,3650.6,2.875,True
2026-08-01,BGW-032,6.49,90.0,44.1,778.6,4273.8,0.875,3650.6,2.875,True
2026-08-02,BGW-032,6.49,105.0,43.9,778.6,4273.8,0.875,3650.6,2.875,True
2026-08-03,BGW-032,6.36,110.0,43.3,778.6,4273.8,0.875,3650.6,2.875,True
2026-08-04,BGW-032,6.46,110.0,45.5,778.6,4273.8,0.875,3650.6,2.875,True
2026-08-05,BGW-032,7.0,100.0,45.2,778.6,4273.8,0.875,3650.6,2.875,True
2026-08-06,BGW-032,6.82,110.0,42.9,778.6,4273.8,0.875,3650.6,2.875,True
2026-08-07,BGW-032,6.83,110.0,47.1,778.6,4273.8,0.875,3650.6,2.875,True
2026-08-08,BGW-032,7.0,95.0,44.2,778.6,4273.8,0.875,3650.6,2.875,True
2026-08-09,BGW-032,6.57,110.0,37.6,778.6,4273.8,0.875,3650.6,2.875,True
2026-08-10,BGW-032,6.37,85.0,46.1,778.6,4273.8,0.875,3650.6,2.875,True
2026-08-11,BGW-032,6.33,110.0,47.9,778.6,4273.8,0.875,3650.6,2.875,True
2026-08-12,BGW-032,6.23,85.0,41.2,778.6,4273.8,0.875,3650.6,2.875,True
2026-08-13,BGW-032,6.46,100.0,40.5,778.6,4273.8,0.875,3650.6,2.875,True
2026-08-14,BGW-032,6.51,80.0,42.3,778.6,4273.8,0.875,3650.6,2.875,True
2026-08-15,BGW-032,6.26,75.0,44.1,778.6,4273.8,0.875,3650.6,2.875,True
2026-08-16,BGW-032,6.84,100.0,40.8,778.6,4273.8,0.875,3650.6,2.875,True
2026-08-17,BGW-032,6.45,70.0,45.9,778.6,4273.8,0.875,3650.6,2.875,True
2026-08-18,BGW-032,6.8,105.0,40.0,778.6,4273.8,0.875,3650.6,2.875,True
2026-08-19,BGW-032,6.79,115.0,44.3,778.6,4273.8,0.875,3650.6,2.875,True
2026-08-20,BGW-032,6.91,75.0,38.0,778.6,4273.8,0.875,3650.6,2.875,True
2026-08-21,BGW-032,6.58,90.0,42.5,778.6,4273.8,0.875,3650.6,2.875,True
2026-08-22,BGW-032,6.48,80.0,43.1,778.6,4273.8,0.875,3650.6,2.875,True
2026-08-23,BGW-032,6.21,85.0,40.6,778.6,4273.8,0.875,3650.6,2.875,True
2026-08-24,BGW-032,6.67,75.0,44.6,778.6,4273.8,0.875,3650.6,2.875,True
2026-08-25,BGW-032,6.77,110.0,43.9,778.6,4273.8,0.875,3650.6,2.875,True
2026-08-26,BGW-032,6.56,115.0,41.6,778.6,4273.8,0.875,3650.6,2.875,True
2026-07-28,BGW-034,3.74,95.0,42.5,753.4,4272.2,0.875,3545.7,2.375,True
2026-07-29,BGW-034,4.58,95.0,44.8,753.4,4272.2,0.875,3545.7,2.375,True
2026-07-30,BGW-034,4.49,115.0,38.7,753.4,4272.2,0.875,3545.7,2.375,True
2026-07-31,BGW-034,4.49,95.0,46.3,753.4,4272.2,0.875,3545.7,2.375,True
2026-08-01,BGW-034,4.12,80.0,39.2,753.4,4272.2,0.875,3545.7,2.375,True
2026-08-02,BGW-034,4.65,80.0,42.2,753.4,4272.2,0.875,3545.7,2.375,True
2026-08-03,BGW-034,4.12,80.0,43.3,753.4,4272.2,0.875,3545.7,2.375,True
2026-08-04,BGW-034,3.68,80.0,42.2,753.4,4272.2,0.875,3545.7,2.375,True
2026-08-05,BGW-034,4.19,70.0,44.6,753.4,4272.2,0.875,3545.7,2.375,True
2026-08-06,BGW-034,4.59,105.0,40.9,753.4,4272.2,0.875,3545.7,2.375,True
2026-08-07,BGW-034,4.35,105.0,41.7,753.4,4272.2,0.875,3545.7,2.375,True
2026-08-08,BGW-034,4.54,75.0,44.1,753.4,4272.2,0.875,3545.7,2.375,True
2026-08-09,BGW-034,4.03,115.0,42.9,753.4,4272.2,0.875,3545.7,2.375,True
2026-08-10,BGW-034,4.18,85.0,43.6,753.4,4272.2,0.875,3545.7,2.375,True
2026-08-11,BGW-034,3.84,75.0,35.0,753.4,4272.2,0.875,3545.7,2.375,True
2026-08-12,BGW-034,4.51,85.0,39.0,753.4,4272.2,0.875,3545.7,2.375,True
2026-08-13,BGW-034,3.55,75.0,41.6,753.4,4272.2,0.875,3545.7,2.375,True
2026-08-14,BGW-034,4.31,80.0,39.1,753.4,4272.2,0.875,3545.7,2.375,True
2026-08-15,BGW-034,4.16,115.0,41.8,753.4,4272.2,0.875,3545.7,2.375,True
2026-08-16,BGW-034,4.25,75.0,45.6,753.4,4272.2,0.875,3545.7,2.375,True
2026-08-17,BGW-034,4.01,80.0,38.6,753.4,4272.2,0.875,3545.7,2.375,True
2026-08-18,BGW-034,4.7,95.0,44.2,753.4,4272.2,0.875,3545.7,2.375,True
2026-08-19,BGW-034,4.88,95.0,44.7,753.4,4272.2,0.875,3545.7,2.375,True
2026-08-20,BGW-034,4.31,115.0,40.5,753.4,4272.2,0.875,3545.7,2.375,True
2026-08-21,BGW-034,4.08,90.0,40.4,753.4,4272.2,0.875,3545.7,2.375,True
2026-08-22,BGW-034,4.29,75.0,43.3,753.4,4272.2,0.875,3545.7,2.375,True
2026-08-23,BGW-034,4.0,70.0,42.6,753.4,4272.2,0.875,3545.7,2.375,True
2026-08-24,BGW-034,3.66,95.0,40.5,753.4,4272.2,0.875,3545.7,2.375,True
2026-08-25,BGW-034,3.85,80.0,42.9,753.4,4272.2,0.875,3545.7,2.375,True
2026-08-26,BGW-034,4.91,105.0,49.8,753.4,4272.2,0.875,3545.7,2.375,True
2026-07-28,BGW-035,5.61,115.0,45.1,513.9,4449.1,1.0,4468.0,3.5,True
2026-07-29,BGW-035,6.0,95.0,40.8,513.9,4449.1,1.0,4468.0,3.5,True
2026-07-30,BGW-035,6.42,115.0,44.9,513.9,4449.1,1.0,4468.0,3.5,True
2026-07-31,BGW-035,6.41,115.0,38.1,513.9,4449.1,1.0,4468.0,3.5,True
2026-08-01,BGW-035,5.69,110.0,42.6,513.9,4449.1,1.0,4468.0,3.5,True
2026-08-02,BGW-035,6.35,80.0,41.5,513.9,4449.1,1.0,4468.0,3.5,True
2026-08-03,BGW-035,5.91,95.0,44.1,513.9,4449.1,1.0,4468.0,3.5,True
2026-08-04,BGW-035,5.48,85.0,43.8,513.9,4449.1,1.0,4468.0,3.5,True
2026-08-05,BGW-035,5.58,115.0,46.7,513.9,4449.1,1.0,4468.0,3.5,True
2026-08-06,BGW-035,6.0,80.0,44.5,513.9,4449.1,1.0,4468.0,3.5,True
2026-08-07,BGW-035,5.89,100.0,47.9,513.9,4449.1,1.0,4468.0,3.5,True
2026-08-08,BGW-035,5.9,100.0,37.0,513.9,4449.1,1.0,4468.0,3.5,True
2026-08-09,BGW-035,5.91,85.0,43.0,513.9,4449.1,1.0,4468.0,3.5,True
2026-08-10,BGW-035,6.08,80.0,42.9,513.9,4449.1,1.0,4468.0,3.5,True
2026-08-11,BGW-035,6.49,80.0,45.1,513.9,4449.1,1.0,4468.0,3.5,True
2026-08-12,BGW-035,5.6,75.0,41.9,513.9,4449.1,1.0,4468.0,3.5,True
2026-08-13,BGW-035,6.03,105.0,43.9,513.9,4449.1,1.0,4468.0,3.5,True
2026-08-14,BGW-035,6.05,95.0,37.8,513.9,4449.1,1.0,4468.0,3.5,True
2026-08-15,BGW-035,6.26,70.0,38.2,513.9,4449.1,1.0,4468.0,3.5,True
2026-08-16,BGW-035,5.85,110.0,45.0,513.9,4449.1,1.0,4468.0,3.5,True
2026-08-17,BGW-035,6.05,70.0,45.9,513.9,4449.1,1.0,4468.0,3.5,True
2026-08-18,BGW-035,6.14,80.0,40.7,513.9,4449.1,1.0,4468.0,3.5,True
2026-08-19,BGW-035,5.53,105.0,41.5,513.9,4449.1,1.0,4468.0,3.5,True
2026-08-20,BGW-035,5.22,90.0,41.5,513.9,4449.1,1.0,4468.0,3.5,True
2026-08-21,BGW-035,5.81,85.0,40.8,513.9,4449.1,1.0,4468.0,3.5,True
2026-08-22,BGW-035,5.49,110.0,39.3,513.9,4449.1,1.0,4468.0,3.5,True
2026-08-23,BGW-035,6.16,85.0,40.9,513.9,4449.1,1.0,4468.0,3.5,True
2026-08-24,BGW-035,5.62,105.0,37.4,513.9,4449.1,1.0,4468.0,3.5,True
2026-08-25,BGW-035,5.99,100.0,43.4,513.9,4449.1,1.0,4468.0,3.5,True
2026-08-26,BGW-035,5.63,100.0,36.8,513.9,4449.1,1.0,4468.0,3.5,True
2026-07-28,BGW-036,6.6,80.0,43.9,685.9,3738.7,1.0,3014.8,2.875,True
2026-07-29,BGW-036,5.08,115.0,35.0,685.9,3738.7,1.0,3014.8,2.875,True
2026-07-30,BGW-036,5.79,75.0,38.3,685.9,3738.7,1.0,3014.8,2.875,True
2026-07-31,BGW-036,5.6,70.0,41.1,685.9,3738.7,1.0,3014.8,2.875,True
2026-08-01,BGW-036,5.94,100.0,46.2,685.9,3738.7,1.0,3014.8,2.875,True
2026-08-02,BGW-036,5.64,100.0,45.8,685.9,3738.7,1.0,3014.8,2.875,True
2026-08-03,BGW-036,5.61,110.0,36.9,685.9,3738.7,1.0,3014.8,2.875,True
2026-08-04,BGW-036,6.55,80.0,43.5,685.9,3738.7,1.0,3014.8,2.875,True
2026-08-05,BGW-036,5.52,75.0,46.5,685.9,3738.7,1.0,3014.8,2.875,True
2026-08-06,BGW-036,5.69,105.0,46.4,685.9,3738.7,1.0,3014.8,2.875,True
2026-08-07,BGW-036,5.55,115.0,42.2,685.9,3738.7,1.0,3014.8,2.875,True
2026-08-08,BGW-036,5.95,70.0,39.9,685.9,3738.7,1.0,3014.8,2.875,True
2026-08-09,BGW-036,5.07,115.0,45.0,685.9,3738.7,1.0,3014.8,2.875,True
2026-08-10,BGW-036,6.1,115.0,36.6,685.9,3738.7,1.0,3014.8,2.875,True
2026-08-11,BGW-036,5.86,85.0,45.2,685.9,3738.7,1.0,3014.8,2.875,True
2026-08-12,BGW-036,5.87,95.0,42.3,685.9,3738.7,1.0,3014.8,2.875,True
2026-08-13,BGW-036,5.58,75.0,41.0,685.9,3738.7,1.0,3014.8,2.875,True
2026-08-14,BGW-036,5.84,80.0,47.0,685.9,3738.7,1.0,3014.8,2.875,True
2026-08-15,BGW-036,6.06,110.0,45.8,685.9,3738.7,1.0,3014.8,2.875,True
2026-08-16,BGW-036,6.34,115.0,45.6,685.9,3738.7,1.0,3014.8,2.875,True
2026-08-17,BGW-036,5.73,90.0,43.5,685.9,3738.7,1.0,3014.8,2.875,True
2026-08-18,BGW-036,5.62,115.0,38.3,685.9,3738.7,1.0,3014.8,2.875,True
2026-08-19,BGW-036,5.8,105.0,44.0,685.9,3738.7,1.0,3014.8,2.875,True
2026-08-20,BGW-036,5.4,105.0,47.5,685.9,3738.7,1.0,3014.8,2.875,True
2026-08-21,BGW-036,6.57,85.0,37.8,685.9,3738.7,1.0,3014.8,2.875,True
2026-08-22,BGW-036,5.82,90.0,41.1,685.9,3738.7,1.0,3014.8,2.875,True
2026-08-23,BGW-036,5.61,95.0,44.3,685.9,3738.7,1.0,3014.8,2.875,True
2026-08-24,BGW-036,6.3,105.0,42.9,685.9,3738.7,1.0,3014.8,2.875,True
2026-08-25,BGW-036,5.4,80.0,43.0,685.9,3738.7,1.0,3014.8,2.875,True
2026-08-26,BGW-036,5.67,90.0,42.0,685.9,3738.7,1.0,3014.8,2.875,True
2026-07-28,BGW-038,6.49,90.0,37.4,591.1,3318.9,1.0,4569.2,2.375,True
2026-07-29,BGW-038,6.45,110.0,43.5,591.1,3318.9,1.0,4569.2,2.375,True
2026-07-30,BGW-038,6.16,105.0,45.6,591.1,3318.9,1.0,4569.2,2.375,True
2026-07-31,BGW-038,5.93,100.0,39.0,591.1,3318.9,1.0,4569.2,2.375,True
2026-08-01,BGW-038,6.73,110.0,36.5,591.1,3318.9,1.0,4569.2,2.375,True
2026-08-02,BGW-038,6.29,110.0,39.7,591.1,3318.9,1.0,4569.2,2.375,True
2026-08-03,BGW-038,5.95,90.0,41.6,591.1,3318.9,1.0,4569.2,2.375,True
2026-08-04,BGW-038,6.28,85.0,40.2,591.1,3318.9,1.0,4569.2,2.375,True
2026-08-05,BGW-038,6.1,110.0,36.5,591.1,3318.9,1.0,4569.2,2.375,True
2026-08-06,BGW-038,6.64,80.0,41.6,591.1,3318.9,1.0,4569.2,2.375,True
2026-08-07,BGW-038,6.53,85.0,40.7,591.1,3318.9,1.0,4569.2,2.375,True
2026-08-08,BGW-038,5.55,90.0,37.4,591.1,3318.9,1.0,4569.2,2.375,True
2026-08-09,BGW-038,5.62,75.0,41.9,591.1,3318.9,1.0,4569.2,2.375,True
2026-08-10,BGW-038,6.18,70.0,40.8,591.1,3318.9,1.0,4569.2,2.375,True
2026-08-11,BGW-038,5.83,80.0,41.4,591.1,3318.9,1.0,4569.2,2.375,True
2026-08-12,BGW-038,6.04,110.0,42.7,591.1,3318.9,1.0,4569.2,2.375,True
2026-08-13,BGW-038,7.0,85.0,43.1,591.1,3318.9,1.0,4569.2,2.375,True
2026-08-14,BGW-038,5.48,85.0,47.1,591.1,3318.9,1.0,4569.2,2.375,True
2026-08-15,BGW-038,6.37,110.0,41.2,591.1,3318.9,1.0,4569.2,2.375,True
2026-08-16,BGW-038,6.11,105.0,44.6,591.1,3318.9,1.0,4569.2,2.375,True
2026-08-17,BGW-038,6.3,75.0,44.0,591.1,3318.9,1.0,4569.2,2.375,True
2026-08-18,BGW-038,5.82,85.0,37.5,591.1,3318.9,1.0,4569.2,2.375,True
2026-08-19,BGW-038,6.47,115.0,41.9,591.1,3318.9,1.0,4569.2,2.375,True
2026-08-20,BGW-038,6.08,70.0,44.5,591.1,3318.9,1.0,4569.2,2.375,True
2026-08-21,BGW-038,6.45,100.0,37.7,591.1,3318.9,1.0,4569.2,2.375,True
2026-08-22,BGW-038,6.55,90.0,42.9,591.1,3318.9,1.0,4569.2,2.375,True
2026-08-23,BGW-038,5.75,85.0,43.1,591.1,3318.9,1.0,4569.2,2.375,True
2026-08-24,BGW-038,6.32,85.0,40.9,591.1,3318.9,1.0,4569.2,2.375,True
2026-08-25,BGW-038,6.88,100.0,44.5,591.1,3318.9,1.0,4569.2,2.375,True
2026-08-26,BGW-038,6.16,85.0,45.6,591.1,3318.9,1.0,4569.2,2.375,True
2026-07-28,BGW-039,3.68,70.0,41.2,759.7,3927.4,0.75,3843.1,2.875,True
2026-07-29,BGW-039,4.33,95.0,39.5,759.7,3927.4,0.75,3843.1,2.875,True
2026-07-30,BGW-039,4.2,75.0,43.3,759.7,3927.4,0.75,3843.1,2.875,True
2026-07-31,BGW-039,4.59,100.0,42.1,759.7,3927.4,0.75,3843.1,2.875,True
2026-08-01,BGW-039,4.27,105.0,45.7,759.7,3927.4,0.75,3843.1,2.875,True
2026-08-02,BGW-039,4.5,90.0,42.6,759.7,3927.4,0.75,3843.1,2.875,True
2026-08-03,BGW-039,4.25,95.0,42.0,759.7,3927.4,0.75,3843.1,2.875,True
2026-08-04,BGW-039,4.24,100.0,45.1,759.7,3927.4,0.75,3843.1,2.875,True
2026-08-05,BGW-039,3.84,85.0,47.4,759.7,3927.4,0.75,3843.1,2.875,True
2026-08-06,BGW-039,4.57,105.0,37.8,759.7,3927.4,0.75,3843.1,2.875,True
2026-08-07,BGW-039,4.49,70.0,39.4,759.7,3927.4,0.75,3843.1,2.875,True
2026-08-08,BGW-039,4.21,105.0,42.0,759.7,3927.4,0.75,3843.1,2.875,True
2026-08-09,BGW-039,4.13,75.0,45.8,759.7,3927.4,0.75,3843.1,2.875,True
2026-08-10,BGW-039,4.9,80.0,37.5,759.7,3927.4,0.75,3843.1,2.875,True
2026-08-11,BGW-039,4.63,110.0,40.2,759.7,3927.4,0.75,3843.1,2.875,True
2026-08-12,BGW-039,4.33,95.0,40.1,759.7,3927.4,0.75,3843.1,2.875,True
2026-08-13,BGW-039,4.5,100.0,46.2,759.7,3927.4,0.75,3843.1,2.875,True
2026-08-14,BGW-039,4.54,85.0,35.5,759.7,3927.4,0.75,3843.1,2.875,True
2026-08-15,BGW-039,4.0,110.0,38.5,759.7,3927.4,0.75,3843.1,2.875,True
2026-08-16,BGW-039,4.2,110.0,37.9,759.7,3927.4,0.75,3843.1,2.875,True
2026-08-17,BGW-039,4.71,115.0,41.7,759.7,3927.4,0.75,3843.1,2.875,True
2026-08-18,BGW-039,4.46,80.0,38.9,759.7,3927.4,0.75,3843.1,2.875,True
2026-08-19,BGW-039,4.48,80.0,41.8,759.7,3927.4,0.75,3843.1,2.875,True
2026-08-20,BGW-039,4.0,70.0,41.7,759.7,3927.4,0.75,3843.1,2.875,True
2026-08-21,BGW-039,4.07,80.0,39.3,759.7,3927.4,0.75,3843.1,2.875,True
2026-08-22,BGW-039,3.71,115.0,41.4,759.7,3927.4,0.75,3843.1,2.875,True
2026-08-23,BGW-039,4.07,110.0,37.4,759.7,3927.4,0.75,3843.1,2.875,True
2026-08-24,BGW-039,4.67,90.0,40.6,759.7,3927.4,0.75,3843.1,2.875,True
2026-08-25,BGW-039,4.39,100.0,39.3,759.7,3927.4,0.75,3843.1,2.875,True
2026-08-26,BGW-039,3.56,105.0,45.1,759.7,3927.4,0.75,3843.1,2.875,True
2026-07-28,BGW-040,5.46,85.0,39.8,660.3,3926.1,0.75,3189.7,3.5,True
2026-07-29,BGW-040,5.28,90.0,45.7,660.3,3926.1,0.75,3189.7,3.5,True
2026-07-30,BGW-040,5.79,115.0,36.7,660.3,3926.1,0.75,3189.7,3.5,True
2026-07-31,BGW-040,5.98,115.0,40.1,660.3,3926.1,0.75,3189.7,3.5,True
2026-08-01,BGW-040,5.66,115.0,46.5,660.3,3926.1,0.75,3189.7,3.5,True
2026-08-02,BGW-040,5.17,110.0,38.7,660.3,3926.1,0.75,3189.7,3.5,True
2026-08-03,BGW-040,5.18,70.0,44.3,660.3,3926.1,0.75,3189.7,3.5,True
2026-08-04,BGW-040,5.53,90.0,40.4,660.3,3926.1,0.75,3189.7,3.5,True
2026-08-05,BGW-040,5.86,85.0,38.4,660.3,3926.1,0.75,3189.7,3.5,True
2026-08-06,BGW-040,5.58,100.0,41.1,660.3,3926.1,0.75,3189.7,3.5,True
2026-08-07,BGW-040,5.6,105.0,43.9,660.3,3926.1,0.75,3189.7,3.5,True
2026-08-08,BGW-040,6.04,105.0,42.9,660.3,3926.1,0.75,3189.7,3.5,True
2026-08-09,BGW-040,6.43,95.0,44.5,660.3,3926.1,0.75,3189.7,3.5,True
2026-08-10,BGW-040,5.39,85.0,43.1,660.3,3926.1,0.75,3189.7,3.5,True
2026-08-11,BGW-040,5.98,105.0,41.6,660.3,3926.1,0.75,3189.7,3.5,True
2026-08-12,BGW-040,5.86,90.0,39.8,660.3,3926.1,0.75,3189.7,3.5,True
2026-08-13,BGW-040,5.04,115.0,45.5,660.3,3926.1,0.75,3189.7,3.5,True
2026-08-14,BGW-040,6.09,105.0,45.8,660.3,3926.1,0.75,3189.7,3.5,True
2026-08-15,BGW-040,5.65,80.0,43.8,660.3,3926.1,0.75,3189.7,3.5,True
2026-08-16,BGW-040,5.85,80.0,44.8,660.3,3926.1,0.75,3189.7,3.5,True
2026-08-17,BGW-040,5.29,75.0,39.1,660.3,3926.1,0.75,3189.7,3.5,True
2026-08-18,BGW-040,6.16,95.0,41.7,660.3,3926.1,0.75,3189.7,3.5,True
2026-08-19,BGW-040,5.61,110.0,45.8,660.3,3926.1,0.75,3189.7,3.5,True
2026-08-20,BGW-040,5.89,105.0,47.6,660.3,3926.1,0.75,3189.7,3.5,True
2026-08-21,BGW-040,4.84,80.0,42.5,660.3,3926.1,0.75,3189.7,3.5,True
2026-08-22,BGW-040,5.23,95.0,44.2,660.3,3926.1,0.75,3189.7,3.5,True
2026-08-23,BGW-040,5.84,95.0,40.7,660.3,3926.1,0.75,3189.7,3.5,True
2026-08-24,BGW-040,5.75,110.0,45.4,660.3,3926.1,0.75,3189.7,3.5,True
2026-08-25,BGW-040,5.14,105.0,41.5,660.3,3926.1,0.75,3189.7,3.5,True
2026-08-26,BGW-040,5.42,100.0,37.8,660.3,3926.1,0.75,3189.7,3.5,True
2026-07-28,BGW-043,7.0,110.0,39.4,542.3,4241.8,0.75,4112.3,3.5,True
2026-07-29,BGW-043,6.17,70.0,40.8,542.3,4241.8,0.75,4112.3,3.5,True
2026-07-30,BGW-043,5.99,75.0,43.5,542.3,4241.8,0.75,4112.3,3.5,True
2026-07-31,BGW-043,6.06,105.0,38.4,542.3,4241.8,0.75,4112.3,3.5,True
2026-08-01,BGW-043,6.87,70.0,44.5,542.3,4241.8,0.75,4112.3,3.5,True
2026-08-02,BGW-043,5.55,115.0,43.1,542.3,4241.8,0.75,4112.3,3.5,True
2026-08-03,BGW-043,5.56,80.0,41.6,542.3,4241.8,0.75,4112.3,3.5,True
2026-08-04,BGW-043,6.3,80.0,38.2,542.3,4241.8,0.75,4112.3,3.5,True
2026-08-05,BGW-043,6.66,75.0,39.6,542.3,4241.8,0.75,4112.3,3.5,True
2026-08-06,BGW-043,5.89,115.0,45.0,542.3,4241.8,0.75,4112.3,3.5,True
2026-08-07,BGW-043,6.22,115.0,47.2,542.3,4241.8,0.75,4112.3,3.5,True
2026-08-08,BGW-043,6.85,80.0,37.4,542.3,4241.8,0.75,4112.3,3.5,True
2026-08-09,BGW-043,6.5,110.0,41.4,542.3,4241.8,0.75,4112.3,3.5,True
2026-08-10,BGW-043,5.75,95.0,43.5,542.3,4241.8,0.75,4112.3,3.5,True
2026-08-11,BGW-043,6.29,75.0,43.3,542.3,4241.8,0.75,4112.3,3.5,True
2026-08-12,BGW-043,7.0,75.0,45.2,542.3,4241.8,0.75,4112.3,3.5,True
2026-08-13,BGW-043,6.28,105.0,41.8,542.3,4241.8,0.75,4112.3,3.5,True
2026-08-14,BGW-043,7.0,90.0,40.0,542.3,4241.8,0.75,4112.3,3.5,True
2026-08-15,BGW-043,6.68,85.0,36.9,542.3,4241.8,0.75,4112.3,3.5,True
2026-08-16,BGW-043,6.63,115.0,38.4,542.3,4241.8,0.75,4112.3,3.5,True
2026-08-17,BGW-043,6.22,115.0,42.4,542.3,4241.8,0.75,4112.3,3.5,True
2026-08-18,BGW-043,6.6,75.0,35.7,542.3,4241.8,0.75,4112.3,3.5,True
2026-08-19,BGW-043,6.22,85.0,37.5,542.3,4241.8,0.75,4112.3,3.5,True
2026-08-20,BGW-043,6.81,75.0,42.6,542.3,4241.8,0.75,4112.3,3.5,True
2026-08-21,BGW-043,6.17,85.0,46.9,542.3,4241.8,0.75,4112.3,3.5,True
2026-08-22,BGW-043,5.95,95.0,38.6,542.3,4241.8,0.75,4112.3,3.5,True
2026-08-23,BGW-043,6.55,115.0,43.8,542.3,4241.8,0.75,4112.3,3.5,True
2026-08-24,BGW-043,5.41,100.0,40.2,542.3,4241.8,0.75,4112.3,3.5,True
2026-08-25,BGW-043,6.62,90.0,38.6,542.3,4241.8,0.75,4112.3,3.5,True
2026-08-26,BGW-043,6.83,70.0,43.5,542.3,4241.8,0.75,4112.3,3.5,True
2026-07-28,BGW-045,6.15,100.0,40.2,430.5,4078.0,1.0,3011.7,3.5,True
2026-07-29,BGW-045,5.92,105.0,44.7,430.5,4078.0,1.0,3011.7,3.5,True
2026-07-30,BGW-045,5.47,115.0,41.0,430.5,4078.0,1.0,3011.7,3.5,True
2026-07-31,BGW-045,6.23,75.0,45.1,430.5,4078.0,1.0,3011.7,3.5,True
2026-08-01,BGW-045,6.13,105.0,42.4,430.5,4078.0,1.0,3011.7,3.5,True
2026-08-02,BGW-045,6.18,90.0,38.8,430.5,4078.0,1.0,3011.7,3.5,True
2026-08-03,BGW-045,5.9,85.0,40.7,430.5,4078.0,1.0,3011.7,3.5,True
2026-08-04,BGW-045,6.42,70.0,45.7,430.5,4078.0,1.0,3011.7,3.5,True
2026-08-05,BGW-045,6.43,110.0,40.5,430.5,4078.0,1.0,3011.7,3.5,True
2026-08-06,BGW-045,6.01,70.0,39.9,430.5,4078.0,1.0,3011.7,3.5,True
2026-08-07,BGW-045,5.9,90.0,47.9,430.5,4078.0,1.0,3011.7,3.5,True
2026-08-08,BGW-045,5.53,100.0,45.4,430.5,4078.0,1.0,3011.7,3.5,True
2026-08-09,BGW-045,5.99,100.0,43.1,430.5,4078.0,1.0,3011.7,3.5,True
2026-08-10,BGW-045,6.08,85.0,41.3,430.5,4078.0,1.0,3011.7,3.5,True
2026-08-11,BGW-045,5.61,95.0,44.6,430.5,4078.0,1.0,3011.7,3.5,True
2026-08-12,BGW-045,4.98,85.0,40.8,430.5,4078.0,1.0,3011.7,3.5,True
2026-08-13,BGW-045,5.85,110.0,43.4,430.5,4078.0,1.0,3011.7,3.5,True
2026-08-14,BGW-045,5.85,90.0,44.4,430.5,4078.0,1.0,3011.7,3.5,True
2026-08-15,BGW-045,5.84,100.0,43.1,430.5,4078.0,1.0,3011.7,3.5,True
2026-08-16,BGW-045,5.21,100.0,37.9,430.5,4078.0,1.0,3011.7,3.5,True
2026-08-17,BGW-045,5.05,115.0,47.8,430.5,4078.0,1.0,3011.7,3.5,True
2026-08-18,BGW-045,5.47,75.0,42.7,430.5,4078.0,1.0,3011.7,3.5,True
2026-08-19,BGW-045,6.15,75.0,48.0,430.5,4078.0,1.0,3011.7,3.5,True
2026-08-20,BGW-045,5.17,80.0,42.4,430.5,4078.0,1.0,3011.7,3.5,True
2026-08-21,BGW-045,5.98,90.0,36.1,430.5,4078.0,1.0,3011.7,3.5,True
2026-08-22,BGW-045,5.23,110.0,44.1,430.5,4078.0,1.0,3011.7,3.5,True
2026-08-23,BGW-045,6.42,75.0,38.2,430.5,4078.0,1.0,3011.7,3.5,True
2026-08-24,BGW-045,5.57,70.0,42.3,430.5,4078.0,1.0,3011.7,3.5,True
2026-08-25,BGW-045,5.88,85.0,42.2,430.5,4078.0,1.0,3011.7,3.5,True
2026-08-26,BGW-045,5.68,100.0,38.0,430.5,4078.0,1.0,3011.7,3.5,True
2026-07-28,BGW-046,3.58,95.0,38.6,550.9,4358.1,1.0,3919.3,2.875,True
2026-07-29,BGW-046,4.1,75.0,38.8,550.9,4358.1,1.0,3919.3,2.875,True
2026-07-30,BGW-046,4.25,85.0,40.5,550.9,4358.1,1.0,3919.3,2.875,True
2026-07-31,BGW-046,3.82,105.0,36.3,550.9,4358.1,1.0,3919.3,2.875,True
2026-08-01,BGW-046,4.52,90.0,42.5,550.9,4358.1,1.0,3919.3,2.875,True
2026-08-02,BGW-046,4.24,95.0,35.3,550.9,4358.1,1.0,3919.3,2.875,True
2026-08-03,BGW-046,4.12,115.0,40.7,550.9,4358.1,1.0,3919.3,2.875,True
2026-08-04,BGW-046,4.26,85.0,37.7,550.9,4358.1,1.0,3919.3,2.875,True
2026-08-05,BGW-046,3.78,85.0,44.6,550.9,4358.1,1.0,3919.3,2.875,True
2026-08-06,BGW-046,3.97,100.0,47.3,550.9,4358.1,1.0,3919.3,2.875,True
2026-08-07,BGW-046,4.91,75.0,42.1,550.9,4358.1,1.0,3919.3,2.875,True
2026-08-08,BGW-046,3.64,70.0,41.1,550.9,4358.1,1.0,3919.3,2.875,True
2026-08-09,BGW-046,3.7,90.0,43.3,550.9,4358.1,1.0,3919.3,2.875,True
2026-08-10,BGW-046,4.64,75.0,36.9,550.9,4358.1,1.0,3919.3,2.875,True
2026-08-11,BGW-046,3.84,85.0,35.0,550.9,4358.1,1.0,3919.3,2.875,True
2026-08-12,BGW-046,3.91,110.0,40.2,550.9,4358.1,1.0,3919.3,2.875,True
2026-08-13,BGW-046,4.34,95.0,37.6,550.9,4358.1,1.0,3919.3,2.875,True
2026-08-14,BGW-046,4.39,110.0,37.6,550.9,4358.1,1.0,3919.3,2.875,True
2026-08-15,BGW-046,4.0,105.0,44.4,550.9,4358.1,1.0,3919.3,2.875,True
2026-08-16,BGW-046,3.81,85.0,44.3,550.9,4358.1,1.0,3919.3,2.875,True
2026-08-17,BGW-046,4.75,90.0,35.0,550.9,4358.1,1.0,3919.3,2.875,True
2026-08-18,BGW-046,4.31,90.0,41.3,550.9,4358.1,1.0,3919.3,2.875,True
2026-08-19,BGW-046,4.26,105.0,44.8,550.9,4358.1,1.0,3919.3,2.875,True
2026-08-20,BGW-046,4.71,105.0,48.1,550.9,4358.1,1.0,3919.3,2.875,True
2026-08-21,BGW-046,4.13,110.0,41.2,550.9,4358.1,1.0,3919.3,2.875,True
2026-08-22,BGW-046,3.7,70.0,39.2,550.9,4358.1,1.0,3919.3,2.875,True
2026-08-23,BGW-046,3.84,105.0,44.3,550.9,4358.1,1.0,3919.3,2.875,True
2026-08-24,BGW-046,4.19,100.0,38.3,550.9,4358.1,1.0,3919.3,2.875,True
2026-08-25,BGW-046,4.31,105.0,35.0,550.9,4358.1,1.0,3919.3,2.875,True
2026-08-26,BGW-046,4.77,110.0,40.3,550.9,4358.1,1.0,3919.3,2.875,True
2026-07-28,BGW-047,5.38,85.0,41.2,708.2,3994.9,0.875,3147.7,2.875,True
2026-07-29,BGW-047,5.06,115.0,37.6,708.2,3994.9,0.875,3147.7,2.875,True
2026-07-30,BGW-047,4.98,115.0,44.0,708.2,3994.9,0.875,3147.7,2.875,True
2026-07-31,BGW-047,5.29,85.0,44.0,708.2,3994.9,0.875,3147.7,2.875,True
2026-08-01,BGW-047,5.26,80.0,39.5,708.2,3994.9,0.875,3147.7,2.875,True
2026-08-02,BGW-047,4.6,85.0,41.7,708.2,3994.9,0.875,3147.7,2.875,True
2026-08-03,BGW-047,4.6,95.0,44.9,708.2,3994.9,0.875,3147.7,2.875,True
2026-08-04,BGW-047,4.57,90.0,41.7,708.2,3994.9,0.875,3147.7,2.875,True
2026-08-05,BGW-047,4.08,70.0,41.9,708.2,3994.9,0.875,3147.7,2.875,True
2026-08-06,BGW-047,5.49,80.0,42.1,708.2,3994.9,0.875,3147.7,2.875,True
2026-08-07,BGW-047,4.4,110.0,44.8,708.2,3994.9,0.875,3147.7,2.875,True
2026-08-08,BGW-047,4.6,110.0,40.6,708.2,3994.9,0.875,3147.7,2.875,True
2026-08-09,BGW-047,5.03,90.0,39.9,708.2,3994.9,0.875,3147.7,2.875,True
2026-08-10,BGW-047,5.55,70.0,37.3,708.2,3994.9,0.875,3147.7,2.875,True
2026-08-11,BGW-047,4.64,100.0,42.1,708.2,3994.9,0.875,3147.7,2.875,True
2026-08-12,BGW-047,4.82,115.0,40.9,708.2,3994.9,0.875,3147.7,2.875,True
2026-08-13,BGW-047,4.64,115.0,40.0,708.2,3994.9,0.875,3147.7,2.875,True
2026-08-14,BGW-047,4.76,90.0,35.0,708.2,3994.9,0.875,3147.7,2.875,True
2026-08-15,BGW-047,5.0,95.0,39.5,708.2,3994.9,0.875,3147.7,2.875,True
2026-08-16,BGW-047,5.48,80.0,48.7,708.2,3994.9,0.875,3147.7,2.875,True
2026-08-17,BGW-047,4.62,115.0,40.8,708.2,3994.9,0.875,3147.7,2.875,True
2026-08-18,BGW-047,4.62,70.0,38.1,708.2,3994.9,0.875,3147.7,2.875,True
2026-08-19,BGW-047,5.26,95.0,38.5,708.2,3994.9,0.875,3147.7,2.875,True
2026-08-20,BGW-047,4.34,105.0,43.7,708.2,3994.9,0.875,3147.7,2.875,True
2026-08-21,BGW-047,5.32,110.0,42.9,708.2,3994.9,0.875,3147.7,2.875,True
2026-08-22,BGW-047,4.94,85.0,43.7,708.2,3994.9,0.875,3147.7,2.875,True
2026-08-23,BGW-047,5.25,75.0,39.2,708.2,3994.9,0.875,3147.7,2.875,True
2026-08-24,BGW-047,4.76,115.0,37.1,708.2,3994.9,0.875,3147.7,2.875,True
2026-08-25,BGW-047,4.47,100.0,47.4,708.2,3994.9,0.875,3147.7,2.875,True
2026-08-26,BGW-047,5.07,95.0,46.8,708.2,3994.9,0.875,3147.7,2.875,True
2026-07-28,BGW-051,5.22,70.0,43.8,408.1,3723.9,1.0,3341.3,2.375,True
2026-07-29,BGW-051,5.14,80.0,38.7,408.1,3723.9,1.0,3341.3,2.375,True
2026-07-30,BGW-051,5.07,70.0,44.2,408.1,3723.9,1.0,3341.3,2.375,True
2026-07-31,BGW-051,5.72,90.0,40.7,408.1,3723.9,1.0,3341.3,2.375,True
2026-08-01,BGW-051,4.68,80.0,46.7,408.1,3723.9,1.0,3341.3,2.375,True
2026-08-02,BGW-051,4.98,115.0,44.6,408.1,3723.9,1.0,3341.3,2.375,True
2026-08-03,BGW-051,5.04,90.0,40.1,408.1,3723.9,1.0,3341.3,2.375,True
2026-08-04,BGW-051,5.95,75.0,41.3,408.1,3723.9,1.0,3341.3,2.375,True
2026-08-05,BGW-051,5.45,115.0,42.1,408.1,3723.9,1.0,3341.3,2.375,True
2026-08-06,BGW-051,5.71,105.0,38.9,408.1,3723.9,1.0,3341.3,2.375,True
2026-08-07,BGW-051,4.92,90.0,43.1,408.1,3723.9,1.0,3341.3,2.375,True
2026-08-08,BGW-051,5.76,100.0,41.4,408.1,3723.9,1.0,3341.3,2.375,True
2026-08-09,BGW-051,4.93,100.0,43.6,408.1,3723.9,1.0,3341.3,2.375,True
2026-08-10,BGW-051,5.7,75.0,44.7,408.1,3723.9,1.0,3341.3,2.375,True
2026-08-11,BGW-051,4.88,85.0,41.2,408.1,3723.9,1.0,3341.3,2.375,True
2026-08-12,BGW-051,4.99,70.0,46.2,408.1,3723.9,1.0,3341.3,2.375,True
2026-08-13,BGW-051,5.79,90.0,38.6,408.1,3723.9,1.0,3341.3,2.375,True
2026-08-14,BGW-051,5.95,80.0,39.8,408.1,3723.9,1.0,3341.3,2.375,True
2026-08-15,BGW-051,5.41,85.0,39.8,408.1,3723.9,1.0,3341.3,2.375,True
2026-08-16,BGW-051,5.27,110.0,45.7,408.1,3723.9,1.0,3341.3,2.375,True
2026-08-17,BGW-051,5.38,100.0,40.4,408.1,3723.9,1.0,3341.3,2.375,True
2026-08-18,BGW-051,5.43,110.0,43.2,408.1,3723.9,1.0,3341.3,2.375,True
2026-08-19,BGW-051,5.23,115.0,42.6,408.1,3723.9,1.0,3341.3,2.375,True
2026-08-20,BGW-051,4.98,115.0,43.0,408.1,3723.9,1.0,3341.3,2.375,True
2026-08-21,BGW-051,5.59,80.0,41.0,408.1,3723.9,1.0,3341.3,2.375,True
2026-08-22,BGW-051,4.96,85.0,39.1,408.1,3723.9,1.0,3341.3,2.375,True
2026-08-23,BGW-051,5.84,70.0,36.5,408.1,3723.9,1.0,3341.3,2.375,True
2026-08-24,BGW-051,5.39,100.0,42.8,408.1,3723.9,1.0,3341.3,2.375,True
2026-08-25,BGW-051,4.77,85.0,40.6,408.1,3723.9,1.0,3341.3,2.375,True
2026-08-26,BGW-051,5.56,105.0,39.5,408.1,3723.9,1.0,3341.3,2.375,True
